accounted_h100_bf16_mfu,attention_backend,batch_size,budget,clean_tokens,compiled,compute_accounting,d_ff,d_model,decay_fraction,device,duration_seconds,effective_train_epochs,evaluation_duration_seconds,flash_causal_training_flops_per_clean_token,gpu,head_dim,learning_rate,n_head,n_layer,n_params,objective,realized_flops,result_path,seed,sequence_length,size,stable_fraction,status,steps,tokens_per_parameter,tokens_per_second,train_ar_ce,train_dataset_tokens,training_duration_seconds,training_tokens_per_second,val_ar_ce,wandb_run_id,wandb_url,warmup_fraction,weight_decay
0.005334657726170994,flash,128,100000000000000.0,54853632,True,triangular_flash_causal_v2,88,32,0.15,cuda:0,19.076120663434267,0.009496738849091023,0.13010538928210735,1822272,NVIDIA H100 80GB HBM3,16,0.0081,2,2,287424,autoregressive,99958237691904,results_ar/runs/1e14/0.29M/lr_8.1e-03/result.json,1337,256,0.29M,0.7999999999999999,complete,1674,190.84569138276552,2875512.949818211,4.973675727844238,5776049323,18.9459217377007,2895273.8620705977,5.008357867598534,ks7keddd,https://wandb.ai/y38283929-uc-berkeley-electrical-engineering-computer-sc/climbmix-isoflop-scaleup/runs/ks7keddd,0.05,0.1
0.004169478785674421,flash,128,100000000000000.0,40894464,True,triangular_flash_causal_v2,88,32,0.15,cuda:1,24.4547906704247,0.0070800060236950995,0.20421690680086613,2445312,NVIDIA H100 80GB HBM3,16,0.0027,2,7,350464,autoregressive,99999723552768,results_ar/runs/1e14/0.35M/lr_2.7e-03/result.json,1337,256,0.35M,0.7999999999999999,complete,1248,116.68663257852447,1672247.5588170632,5.0290422439575195,5776049323,24.25050234235823,1686334.7168099624,5.008411020040512,i646kkpr,https://wandb.ai/y38283929-uc-berkeley-electrical-engineering-computer-sc/climbmix-isoflop-scaleup/runs/i646kkpr,0.05,0.1
0.006094433024339129,flash,128,100000000000000.0,30113792,True,triangular_flash_causal_v2,128,48,0.15,cuda:3,16.755862426012754,0.005213562128025478,0.17254335433244705,3319200,NVIDIA H100 80GB HBM3,16,0.0027,3,4,504288,autoregressive,99953698406400,results_ar/runs/1e14/0.5M/lr_2.7e-03/result.json,1337,256,0.5M,0.7999999999999999,complete,919,59.71546417919919,1797209.3130371873,4.975599765777588,5776049323,16.58323548734188,1815917.7696647982,4.89172837138176,yrvbzzvy,https://wandb.ai/y38283929-uc-berkeley-electrical-engineering-computer-sc/climbmix-isoflop-scaleup/runs/yrvbzzvy,0.05,0.1
0.011587130192038683,flash,128,100000000000000.0,30113792,True,triangular_flash_causal_v2,128,48,0.15,cuda:0,8.902729073539376,0.005213562128025478,0.18041655234992504,3319200,NVIDIA H100 80GB HBM3,16,0.0081,3,4,504288,autoregressive,99953698406400,results_ar/runs/1e14/0.5M/lr_8.1e-03/result.json,1337,256,0.5M,0.7999999999999999,complete,919,59.71546417919919,3382534.922859102,4.930953025817871,5776049323,8.722213035449386,3452540.2988449796,4.883578568696976,hx07aa26,https://wandb.ai/y38283929-uc-berkeley-electrical-engineering-computer-sc/climbmix-isoflop-scaleup/runs/hx07aa26,0.05,0.1
0.006796799239914906,flash,128,100000000000000.0,21069824,True,triangular_flash_causal_v2,176,64,0.15,cuda:3,15.142893929034472,0.003647791565092908,0.2695952355861664,4745088,NVIDIA H100 80GB HBM3,16,0.0027,4,4,725632,autoregressive,99978169024512,results_ar/runs/1e14/0.73M/lr_2.7e-03/result.json,1337,256,0.73M,0.7999999999999999,complete,643,29.03651437643323,1391400.0916034572,4.9320878982543945,5776049323,14.873200932517648,1416630.0916391523,4.945633515715599,r7t263l5,https://wandb.ai/y38283929-uc-berkeley-electrical-engineering-computer-sc/climbmix-isoflop-scaleup/runs/r7t263l5,0.05,0.1
0.0060069586151715775,flash,128,100000000000000.0,12419072,True,triangular_flash_causal_v2,216,80,0.15,cuda:3,17.036620285362005,0.002150097983157406,0.21128495037555695,8048640,NVIDIA H100 80GB HBM3,16,0.0027,5,7,1198720,autoregressive,99956639662080,results_ar/runs/1e14/1.20M/lr_2.7e-03/result.json,1337,256,1.20M,0.7999999999999999,complete,379,10.360277629471437,728963.3619803431,5.370404243469238,5776049323,16.825218625366688,738122.4741577074,5.315135285258293,xb9ig100,https://wandb.ai/y38283929-uc-berkeley-electrical-engineering-computer-sc/climbmix-isoflop-scaleup/runs/xb9ig100,0.05,0.1
0.0071328648485154585,flash,128,100000000000000.0,15892480,True,triangular_flash_causal_v2,216,80,0.15,cuda:3,14.317480662837625,0.0027514446486315088,0.15901950560510159,6284640,NVIDIA H100 80GB HBM3,16,0.0027,5,4,965920,autoregressive,99878515507200,results_ar/runs/1e14/1M/lr_2.7e-03/result.json,1337,256,1M,0.7999999999999999,complete,485,16.45320523438794,1110005.340621862,5.035506248474121,5776049323,14.158322222530842,1122483.2822853478,5.065999701619148,964ptlsb,https://wandb.ai/y38283929-uc-berkeley-electrical-engineering-computer-sc/climbmix-isoflop-scaleup/runs/964ptlsb,0.05,0.1
0.018846411052973865,flash,128,1000000000000000.0,124223488,True,triangular_flash_causal_v2,216,80,0.15,cuda:2,53.85234531760216,0.021506652913323814,0.21074342913925648,8048640,NVIDIA H100 80GB HBM3,16,0.0027,5,7,1198720,autoregressive,999830134456320,results_ar/runs/1e15/1.20M/lr_2.7e-03/result.json,1337,256,1.20M,0.7999999999999999,complete,3791,103.63011211959423,2306742.394734596,4.268521785736084,5776049323,53.64154417067766,2315807.4570848183,4.2200732082128525,jhhss8w0,https://wandb.ai/y38283929-uc-berkeley-electrical-engineering-computer-sc/climbmix-isoflop-scaleup/runs/jhhss8w0,0.05,0.1
0.022409687237725774,flash,128,1000000000000000.0,96141312,True,triangular_flash_causal_v2,256,96,0.15,cuda:3,45.32857339270413,0.01664482185378319,0.21340574324131012,10400256,NVIDIA H100 80GB HBM3,16,0.0027,6,7,1562112,autoregressive,999894256975872,results_ar/runs/1e15/1.56M/lr_2.7e-03/result.json,1337,256,1.56M,0.7999999999999999,complete,2934,61.54572271386431,2120986.9361446626,4.15682315826416,5776049323,45.11510651372373,2131022.6092618094,4.214812882244587,ivdxge3f,https://wandb.ai/y38283929-uc-berkeley-electrical-engineering-computer-sc/climbmix-isoflop-scaleup/runs/ivdxge3f,0.05,0.1
0.029810780562223783,flash,128,1000000000000000.0,96141312,True,triangular_flash_causal_v2,256,96,0.15,cuda:2,34.12440884672105,0.01664482185378319,0.2098823506385088,10400256,NVIDIA H100 80GB HBM3,16,0.0081,6,7,1562112,autoregressive,999894256975872,results_ar/runs/1e15/1.56M/lr_8.1e-03/result.json,1337,256,1.56M,0.7999999999999999,complete,2934,61.54572271386431,2817376.63007862,4.12278938293457,5776049323,33.91442315839231,2834820.7944149952,4.1760359182953835,s6rvwen8,https://wandb.ai/y38283929-uc-berkeley-electrical-engineering-computer-sc/climbmix-isoflop-scaleup/runs/s6rvwen8,0.05,0.1
0.019661250469648138,flash,128,1000000000000000.0,159088640,True,triangular_flash_causal_v2,216,80,0.15,cuda:0,51.581319492310286,0.027542811895063867,0.16358236223459244,6284640,NVIDIA H100 80GB HBM3,16,0.0027,5,4,965920,autoregressive,999814830489600,results_ar/runs/1e15/1M/lr_2.7e-03/result.json,1337,256,1M,0.7999999999999999,complete,4855,164.70167301639887,3084229.747626306,4.102387428283691,5776049323,51.417640924453735,3094047.823659272,4.278248228132725,x95no1vu,https://wandb.ai/y38283929-uc-berkeley-electrical-engineering-computer-sc/climbmix-isoflop-scaleup/runs/x95no1vu,0.05,0.1
0.022824804214844757,flash,128,1000000000000000.0,57278464,True,triangular_flash_causal_v2,304,112,0.15,cuda:0,44.58940997347236,0.009916546898572944,0.2901028674095869,17458560,NVIDIA H100 80GB HBM3,16,0.0027,7,11,2595712,autoregressive,999999500451840,results_ar/runs/1e15/2.60M/lr_2.7e-03/result.json,1337,256,2.60M,0.7999999999999999,complete,1748,22.066571329947237,1284575.5087155618,4.271628379821777,5776049323,44.29925580881536,1292989.3054456648,4.286235928535461,iv53fgcs,https://wandb.ai/y38283929-uc-berkeley-electrical-engineering-computer-sc/climbmix-isoflop-scaleup/runs/iv53fgcs,0.05,0.1
0.03774413778456564,flash,128,1000000000000000.0,57278464,True,triangular_flash_causal_v2,304,112,0.15,cuda:0,27.064633667469025,0.009916546898572944,0.2756989262998104,17458560,NVIDIA H100 80GB HBM3,16,0.0081,7,11,2595712,autoregressive,999999500451840,results_ar/runs/1e15/2.60M/lr_8.1e-03/result.json,1337,256,2.60M,0.7999999999999999,complete,1748,22.066571329947237,2116358.370253768,4.396489143371582,5776049323,26.78884457424283,2138146.1168008936,4.419536724686623,olpq2iso,https://wandb.ai/y38283929-uc-berkeley-electrical-engineering-computer-sc/climbmix-isoflop-scaleup/runs/olpq2iso,0.05,0.1
0.022566163614246088,flash,128,1000000000000000.0,57278464,True,triangular_flash_causal_v2,304,112,0.15,cuda:1,45.08249766752124,0.009916546898572944,0.2754190620034933,17458560,NVIDIA H100 80GB HBM3,16,0.0009,7,11,2595712,autoregressive,999999500451840,results_ar/runs/1e15/2.60M/lr_9.0e-04/result.json,1337,256,2.60M,0.7999999999999999,complete,1748,22.066571329947237,1270525.5246154007,4.431639671325684,5776049323,44.806988816708326,1278337.7216957975,4.441181391477585,ij5ncxgl,https://wandb.ai/y38283929-uc-berkeley-electrical-engineering-computer-sc/climbmix-isoflop-scaleup/runs/ij5ncxgl,0.05,0.1
0.025454543431125538,flash,128,1000000000000000.0,76251136,True,triangular_flash_causal_v2,304,112,0.15,cuda:1,39.92011661827564,0.013201261231681487,0.20488573797047138,13112064,NVIDIA H100 80GB HBM3,16,0.0027,7,7,1985536,autoregressive,999809775304704,results_ar/runs/1e15/2M/lr_2.7e-03/result.json,1337,256,2M,0.7999999999999999,complete,2327,38.40330067044869,1910093.0172406316,4.298735618591309,5776049323,39.71511051058769,1919952.759030398,4.22449915856123,lyur1plt,https://wandb.ai/y38283929-uc-berkeley-electrical-engineering-computer-sc/climbmix-isoflop-scaleup/runs/lyur1plt,0.05,0.1
0.03508148102032048,flash,128,1000000000000000.0,76251136,True,triangular_flash_causal_v2,304,112,0.15,cuda:3,29.055539406836033,0.013201261231681487,0.2387177925556898,13112064,NVIDIA H100 80GB HBM3,16,0.0081,7,7,1985536,autoregressive,999809775304704,results_ar/runs/1e15/2M/lr_8.1e-03/result.json,1337,256,2M,0.7999999999999999,complete,2327,38.40330067044869,2624323.538872592,4.286832809448242,5776049323,28.81662848778069,2646081.0997488233,4.180227279663086,vieoxtg0,https://wandb.ai/y38283929-uc-berkeley-electrical-engineering-computer-sc/climbmix-isoflop-scaleup/runs/vieoxtg0,0.05,0.1
0.026588429132559738,flash,128,1000000000000000.0,44400640,True,triangular_flash_causal_v2,384,144,0.15,cuda:2,38.25607414729893,0.007687025770918958,0.24097644723951817,22514112,NVIDIA H100 80GB HBM3,16,0.0027,9,9,3422016,autoregressive,999640981831680,results_ar/runs/1e15/3.4M/lr_2.7e-03/result.json,1337,256,3.4M,0.7999999999999999,complete,1355,12.97499485683293,1160616.7383783918,4.286250591278076,5776049323,38.01500756107271,1167976.618935785,4.3311765268445015,5j3v9c91,https://wandb.ai/y38283929-uc-berkeley-electrical-engineering-computer-sc/climbmix-isoflop-scaleup/runs/5j3v9c91,0.05,0.1
0.02668056692551456,flash,128,1000000000000000.0,44400640,True,triangular_flash_causal_v2,384,144,0.15,cuda:1,38.1272494699806,0.007687025770918958,0.24343825317919254,22514112,NVIDIA H100 80GB HBM3,16,0.0081,9,9,3422016,autoregressive,999640981831680,results_ar/runs/1e15/3.4M/lr_8.1e-03/result.json,1337,256,3.4M,0.7999999999999999,complete,1355,12.97499485683293,1164538.240162295,4.46993350982666,5776049323,37.883727783337235,1172024.0482651014,4.51615409553051,yfrvuea7,https://wandb.ai/y38283929-uc-berkeley-electrical-engineering-computer-sc/climbmix-isoflop-scaleup/runs/yfrvuea7,0.05,0.1
0.024718243448236414,flash,128,1000000000000000.0,38535168,True,triangular_flash_causal_v2,384,144,0.15,cuda:3,41.16785681061447,0.00667154413771269,0.27154778875410557,25944192,NVIDIA H100 80GB HBM3,16,0.0027,9,11,3920256,autoregressive,999763797344256,results_ar/runs/1e15/4M/lr_2.7e-03/result.json,1337,256,4M,0.7999999999999999,complete,1176,9.829758056616711,936049.8939081116,4.229530334472656,5776049323,40.8962521199137,942266.4914870277,4.426106303930283,55k43pg9,https://wandb.ai/y38283929-uc-berkeley-electrical-engineering-computer-sc/climbmix-isoflop-scaleup/runs/55k43pg9,0.05,0.1
0.02512297847536313,flash,128,1000000000000000.0,38535168,True,triangular_flash_causal_v2,384,144,0.15,cuda:2,40.528130983933806,0.00667154413771269,0.29068505577743053,25944192,NVIDIA H100 80GB HBM3,16,0.0081,9,11,3920256,autoregressive,999763797344256,results_ar/runs/1e15/4M/lr_8.1e-03/result.json,1337,256,4M,0.7999999999999999,complete,1176,9.829758056616711,950825.1938703055,4.396916389465332,5776049323,40.237407241016626,957695.1061776808,4.594702631235123,th7i9soq,https://wandb.ai/y38283929-uc-berkeley-electrical-engineering-computer-sc/climbmix-isoflop-scaleup/runs/th7i9soq,0.05,0.1
0.027576003116996643,flash,128,1000000000000000.0,27557888,True,triangular_flash_causal_v2,472,176,0.15,cuda:3,36.92007656022906,0.004771061751544534,0.27775186486542225,36263040,NVIDIA H100 80GB HBM3,16,0.0081,11,11,5550336,autoregressive,999332794859520,results_ar/runs/1e15/5.6M/lr_8.1e-03/result.json,1337,256,5.6M,0.7999999999999999,complete,841,4.965084636317513,746420.1206366356,4.951473236083984,5776049323,36.64228334650397,752078.8958319457,4.930076941847801,atuqx2lv,https://wandb.ai/y38283929-uc-berkeley-electrical-engineering-computer-sc/climbmix-isoflop-scaleup/runs/atuqx2lv,0.05,0.1
0.06944361064611135,flash,128,1e+16,150175744,True,triangular_flash_causal_v2,600,224,0.15,cuda:3,145.89518461190164,0.02599973365913032,0.3214802425354719,66575040,NVIDIA H100 80GB HBM3,16,0.0027,14,14,10296384,autoregressive,9997956163829760,results_ar/runs/1e16/10.3M/lr_2.7e-03/result.json,1337,256,10.3M,0.7999999999999999,complete,4583,14.585289748323294,1029339.9634777881,3.6994104385375977,5776049323,145.57360706850886,1031613.8139609697,3.59944611787796,kq6pwb08,https://wandb.ai/y38283929-uc-berkeley-electrical-engineering-computer-sc/climbmix-isoflop-scaleup/runs/kq6pwb08,0.05,0.1
0.055436893770932236,flash,128,1e+16,275742720,True,triangular_flash_causal_v2,472,176,0.15,cuda:0,182.65039812214673,0.047738982924194116,0.2720755096524954,36263040,NVIDIA H100 80GB HBM3,16,0.0027,11,11,5550336,autoregressive,9999269285068800,results_ar/runs/1e16/5.6M/lr_2.7e-03/result.json,1337,256,5.6M,0.7999999999999999,complete,8415,49.68036529680365,1509674.891678025,3.579914093017578,5776049323,182.3782670367509,1511927.5146113506,3.5823676884174347,av2l5hkf,https://wandb.ai/y38283929-uc-berkeley-electrical-engineering-computer-sc/climbmix-isoflop-scaleup/runs/av2l5hkf,0.05,0.1
0.0623188642230498,flash,128,1e+16,222986240,True,triangular_flash_causal_v2,512,192,0.15,cuda:1,162.5316085740924,0.03860532130708746,0.2969854846596718,44841600,NVIDIA H100 80GB HBM3,16,0.0027,12,12,6886272,autoregressive,9999059779584000,results_ar/runs/1e16/6.9M/lr_2.7e-03/result.json,1337,256,6.9M,0.7999999999999999,complete,6805,32.381271027342514,1371956.15029152,3.6815571784973145,5776049323,162.2345481775701,1374468.2775948285,3.5739782974123955,oqh8tc1l,https://wandb.ai/y38283929-uc-berkeley-electrical-engineering-computer-sc/climbmix-isoflop-scaleup/runs/oqh8tc1l,0.05,0.1
0.06493066373271805,flash,128,1e+16,181305344,True,triangular_flash_causal_v2,560,208,0.15,cuda:2,156.03212796337903,0.031389161321398226,0.3268860802054405,55149120,NVIDIA H100 80GB HBM3,16,0.0027,13,13,8502208,autoregressive,9998830172897280,results_ar/runs/1e16/8.5M/lr_2.7e-03/result.json,1337,256,8.5M,0.7999999999999999,complete,5533,21.324501117827275,1161974.436716986,3.5977206230163574,5776049323,155.70517900958657,1164414.344810183,3.5719834342598915,sav9f7z1,https://wandb.ai/y38283929-uc-berkeley-electrical-engineering-computer-sc/climbmix-isoflop-scaleup/runs/sav9f7z1,0.05,0.1
0.09114217888657417,flash,128,1e+17,1256947712,True,triangular_flash_causal_v2,640,240,0.15,cuda:2,1109.7571440879256,0.21761374283887847,0.3764497749507427,79557120,NVIDIA H100 80GB HBM3,16,0.0027,15,15,12341760,autoregressive,99999139957309440,results_ar/runs/1e17/12.3M/lr_2.7e-03/result.json,1337,256,12.3M,0.7999999999999999,complete,38359,101.8450943787596,1132633.1339214272,3.3992366790771484,5776049323,1109.3805986121297,1133017.5717625506,3.202829100191593,4rbztjxx,https://wandb.ai/y38283929-uc-berkeley-electrical-engineering-computer-sc/climbmix-isoflop-scaleup/runs/4rbztjxx,0.05,0.1
0.1018562457411328,flash,128,1e+17,1000701952,True,triangular_flash_causal_v2,688,256,0.15,cuda:3,993.1151591986418,0.17325024355578897,0.4270401503890753,99929088,NVIDIA H100 80GB HBM3,16,0.0027,16,17,15545344,autoregressive,99999233423179776,results_ar/runs/1e17/15.5M/lr_2.7e-03/result.json,1337,256,15.5M,0.7999999999999999,complete,30539,64.3730979513866,1007639.3887769069,3.4062511920928955,5776049323,992.6878684926778,1008073.1151872451,3.1894177198410034,0damd8i8,https://wandb.ai/y38283929-uc-berkeley-electrical-engineering-computer-sc/climbmix-isoflop-scaleup/runs/0damd8i8,0.05,0.1
0.09871387630216495,flash,128,1e+17,814317568,True,triangular_flash_causal_v2,728,272,0.15,cuda:2,1024.7262036837637,0.1409817545631786,0.4633698668330908,122798208,NVIDIA H100 80GB HBM3,16,0.0027,17,19,19148800,autoregressive,99996738093318144,results_ar/runs/1e17/19.1M/lr_2.7e-03/result.json,1337,256,19.1M,0.7999999999999999,complete,24851,42.52577540106952,794668.4344292448,3.1484954357147217,5776049323,1024.2626485880464,795028.081051811,3.1762103885412216,tqlorz62,https://wandb.ai/y38283929-uc-berkeley-electrical-engineering-computer-sc/climbmix-isoflop-scaleup/runs/tqlorz62,0.05,0.1
0.11156429711401691,flash,128,1e+17,643858432,True,triangular_flash_causal_v2,768,288,0.15,cuda:3,906.7840756606311,0.11147038330094952,0.48638489097356796,155310912,NVIDIA H100 80GB HBM3,16,0.0027,18,22,24269760,autoregressive,99998240272809984,results_ar/runs/1e17/24.3M/lr_2.7e-03/result.json,1337,256,24.3M,0.7999999999999999,complete,19649,26.52924594227549,710046.0289081737,3.226807117462158,5776049323,906.2976050265133,710427.1581752268,3.185214914381504,sebj1013,https://wandb.ai/y38283929-uc-berkeley-electrical-engineering-computer-sc/climbmix-isoflop-scaleup/runs/sebj1013,0.05,0.1
0.1137467628559748,flash,128,1e+17,557285376,True,triangular_flash_causal_v2,816,304,0.15,cuda:0,889.4151085317135,0.096482101318095,0.5080885309726,179437824,NVIDIA H100 80GB HBM3,16,0.0027,19,23,28123648,autoregressive,99998075216461824,results_ar/runs/1e17/28.1M/lr_2.7e-03/result.json,1337,256,28.1M,0.7999999999999999,complete,17007,19.815543701869686,626575.1173487392,3.1090781688690186,5776049323,888.9069530423731,626933.3073530756,3.187129631638527,z1rz1c2a,https://wandb.ai/y38283929-uc-berkeley-electrical-engineering-computer-sc/climbmix-isoflop-scaleup/runs/z1rz1c2a,0.05,0.1
0.12141191865708151,flash,128,1e+17,446332928,True,triangular_flash_causal_v2,896,336,0.15,cuda:1,833.2714839912951,0.07727304651342223,0.5125753246247768,224036064,NVIDIA H100 80GB HBM3,16,0.0027,21,24,35283360,autoregressive,99994672422715392,results_ar/runs/1e17/35.3M/lr_2.7e-03/result.json,1337,256,35.3M,0.7999999999999999,complete,13621,12.649955333052182,535639.2683235788,3.372497081756592,5776049323,832.7588334511966,535969.0105600748,3.1859975680708885,p1crlu0p,https://wandb.ai/y38283929-uc-berkeley-electrical-engineering-computer-sc/climbmix-isoflop-scaleup/runs/p1crlu0p,0.05,0.1
0.18535579454935872,flash,128,1e+18,1486356480,True,triangular_flash_causal_v2,1328,496,0.15,cuda:1,5455.623515898362,0.25733098816891803,0.6512317359447479,672778368,NVIDIA H100 80GB HBM3,16,0.0027,31,35,107703424,autoregressive,999988486880624640,results_ar/runs/1e18/107.7M/lr_2.7e-03/result.json,1337,256,107.7M,0.7999999999999999,complete,45360,13.800457077390595,272444.84075350384,2.948042631149292,5776049323,5454.972190590575,272477.37074881064,2.8660865053534508,k85wcrco,https://wandb.ai/y38283929-uc-berkeley-electrical-engineering-computer-sc/climbmix-isoflop-scaleup/runs/k85wcrco,0.05,0.1
0.1867613613540264,flash,128,1e+18,1486356480,True,triangular_flash_causal_v2,1328,496,0.15,cuda:0,5414.585804127157,0.25733098816891803,0.6676645241677761,672778368,NVIDIA H100 80GB HBM3,16,0.0009,31,35,107703424,autoregressive,999988486880624640,results_ar/runs/1e18/107.7M/lr_9.0e-04/result.json,1337,256,107.7M,0.7999999999999999,complete,45360,13.800457077390595,274509.7286789795,2.887373685836792,5776049323,5413.918046543375,274543.58695898514,2.8078979924321175,wn0095s2,https://wandb.ai/y38283929-uc-berkeley-electrical-engineering-computer-sc/climbmix-isoflop-scaleup/runs/wn0095s2,0.05,0.1
0.1937739681321345,flash,128,1e+18,1189707776,True,triangular_flash_causal_v2,1408,528,0.15,cuda:2,5218.764276960865,0.2059725790883798,0.7682453654706478,840533760,NVIDIA H100 80GB HBM3,16,0.0009,33,39,134838528,autoregressive,999989550262517760,results_ar/runs/1e18/134.8M/lr_9.0e-04/result.json,1337,256,134.8M,0.7999999999999999,complete,36307,8.823203528297194,227967.33342645311,2.8497557640075684,5776049323,5217.9959443844855,228000.90085933133,2.8082511872053146,vu53i3fa,https://wandb.ai/y38283929-uc-berkeley-electrical-engineering-computer-sc/climbmix-isoflop-scaleup/runs/vu53i3fa,0.05,0.1
0.1610428926999317,flash,128,1e+18,2324332544,True,triangular_flash_causal_v2,1152,432,0.15,cuda:2,6279.1370885986835,0.40240870775542026,0.629765285179019,430225344,NVIDIA H100 80GB HBM3,16,0.0027,27,29,68510016,autoregressive,999986768312795136,results_ar/runs/1e18/68.5M/lr_2.7e-03/result.json,1337,256,68.5M,0.7999999999999999,complete,70933,33.92690119938083,370167.510472163,2.917819023132324,5776049323,6278.507234921679,370204.645313114,2.851633109152317,0qdbj9vt,https://wandb.ai/y38283929-uc-berkeley-electrical-engineering-computer-sc/climbmix-isoflop-scaleup/runs/0qdbj9vt,0.05,0.1
0.17332351572519372,flash,128,1e+18,1857683456,True,triangular_flash_causal_v2,1200,448,0.15,cuda:3,5834.289335569367,0.3216183505571495,0.6544175408780575,538296192,NVIDIA H100 80GB HBM3,16,0.0027,28,34,85832320,autoregressive,999983930306199552,results_ar/runs/1e18/85.8M/lr_2.7e-03/result.json,1337,256,85.8M,0.7999999999999999,complete,56692,21.64316956596303,318407.8384104873,2.9553802013397217,5776049323,5833.6348252967,318443.56248430716,2.8624782487750053,y7794xge,https://wandb.ai/y38283929-uc-berkeley-electrical-engineering-computer-sc/climbmix-isoflop-scaleup/runs/y7794xge,0.05,0.1
0.17347551602488132,flash,128,1e+18,1857683456,True,triangular_flash_causal_v2,1200,448,0.15,cuda:0,5829.184010455385,0.3216183505571495,0.6605640724301338,538296192,NVIDIA H100 80GB HBM3,16,0.0009,28,34,85832320,autoregressive,999983930306199552,results_ar/runs/1e18/85.8M/lr_9.0e-04/result.json,1337,256,85.8M,0.7999999999999999,complete,56692,21.64316956596303,318686.70686463284,2.897538423538208,5776049323,5828.523359067738,318722.8293612146,2.804474726319313,h2oshzvz,https://wandb.ai/y38283929-uc-berkeley-electrical-engineering-computer-sc/climbmix-isoflop-scaleup/runs/h2oshzvz,0.05,0.1
0.009794084023253038,flash,128,300000000000000.0,90374144,True,triangular_flash_causal_v2,128,48,0.15,cuda:0,31.12692455947399,0.01564635946582619,0.1585390530526638,3319200,NVIDIA H100 80GB HBM3,16,0.0027,3,4,504288,autoregressive,299969858764800,results_ar/runs/3e14/0.5M/lr_2.7e-03/result.json,1337,256,0.5M,0.7999999999999999,complete,2758,179.21137127990355,2903407.4287462216,4.6767258644104,5776049323,30.968309700489044,2918278.2293917974,4.683948278427124,k0vlfn0d,https://wandb.ai/y38283929-uc-berkeley-electrical-engineering-computer-sc/climbmix-isoflop-scaleup/runs/k0vlfn0d,0.05,0.1
0.011764527102015691,flash,128,300000000000000.0,63209472,True,triangular_flash_causal_v2,176,64,0.15,cuda:2,25.93910703063011,0.010943374695278724,0.16064804419875145,4745088,NVIDIA H100 80GB HBM3,16,0.0027,4,4,725632,autoregressive,299934507073536,results_ar/runs/3e14/0.73M/lr_2.7e-03/result.json,1337,256,0.73M,0.7999999999999999,complete,1929,87.1095431292997,2436840.7102588112,4.551229953765869,5776049323,25.778382739052176,2452034.041074374,4.581365466117859,iro1zf5b,https://wandb.ai/y38283929-uc-berkeley-electrical-engineering-computer-sc/climbmix-isoflop-scaleup/runs/iro1zf5b,0.05,0.1
0.011483176742221825,flash,128,300000000000000.0,37257216,True,triangular_flash_causal_v2,216,80,0.15,cuda:1,26.629335766658187,0.006450293949472218,0.2249540314078331,8048640,NVIDIA H100 80GB HBM3,16,0.0027,5,7,1198720,autoregressive,299869918986240,results_ar/runs/3e14/1.20M/lr_2.7e-03/result.json,1337,256,1.20M,0.7999999999999999,complete,1137,31.08083288841431,1399104.2182377179,4.510196685791016,5776049323,26.404294101521373,1411028.6704408925,4.627041071653366,udwfhni4,https://wandb.ai/y38283929-uc-berkeley-electrical-engineering-computer-sc/climbmix-isoflop-scaleup/runs/udwfhni4,0.05,0.1
0.012700199586425575,flash,128,300000000000000.0,28835840,True,triangular_flash_causal_v2,256,96,0.15,cuda:2,24.081740371882915,0.004992311939785006,0.20524542033672333,10400256,NVIDIA H100 80GB HBM3,16,0.0027,6,7,1562112,autoregressive,299900117975040,results_ar/runs/3e14/1.56M/lr_2.7e-03/result.json,1337,256,1.56M,0.7999999999999999,complete,880,18.459521468371026,1197415.1184549695,4.602935791015625,5776049323,23.876452391967177,1207710.4054914508,4.678624629974365,t3fnd39e,https://wandb.ai/y38283929-uc-berkeley-electrical-engineering-computer-sc/climbmix-isoflop-scaleup/runs/t3fnd39e,0.05,0.1
0.021163889168116547,flash,128,300000000000000.0,47710208,True,triangular_flash_causal_v2,216,80,0.15,cuda:3,14.481553554534912,0.008260007027644282,0.15628907643258572,6284640,NVIDIA H100 80GB HBM3,16,0.0027,5,4,965920,autoregressive,299841481605120,results_ar/runs/3e14/1M/lr_2.7e-03/result.json,1337,256,1M,0.7999999999999999,complete,1456,49.39353983766772,3294550.396152732,4.4592604637146,5776049323,14.325175294652581,3330514.7768634744,4.563907593488693,m42bc389,https://wandb.ai/y38283929-uc-berkeley-electrical-engineering-computer-sc/climbmix-isoflop-scaleup/runs/m42bc389,0.05,0.1
0.014024913750271291,flash,128,300000000000000.0,47710208,True,triangular_flash_causal_v2,216,80,0.15,cuda:1,21.780378989875317,0.008260007027644282,0.16330678015947342,6284640,NVIDIA H100 80GB HBM3,16,0.0081,5,4,965920,autoregressive,299841481605120,results_ar/runs/3e14/1M/lr_8.1e-03/result.json,1337,256,1M,0.7999999999999999,complete,1456,49.39353983766772,2190513.2147690477,4.472326755523682,5776049323,21.616990139707923,2207069.8876973554,4.568306103348732,n7bcjzq6,https://wandb.ai/y38283929-uc-berkeley-electrical-engineering-computer-sc/climbmix-isoflop-scaleup/runs/n7bcjzq6,0.05,0.1
0.01362590678731828,flash,128,300000000000000.0,22872064,True,triangular_flash_causal_v2,304,112,0.15,cuda:3,22.461927285417914,0.003959811061329471,0.20749837160110474,13112064,NVIDIA H100 80GB HBM3,16,0.0027,7,7,1985536,autoregressive,299899966980096,results_ar/runs/3e14/2M/lr_2.7e-03/result.json,1337,256,2M,0.7999999999999999,complete,698,11.519339865910263,1018259.195187064,4.72800874710083,5776049323,22.25433968193829,1027757.4768288028,4.788315713405609,w90yh081,https://wandb.ai/y38283929-uc-berkeley-electrical-engineering-computer-sc/climbmix-isoflop-scaleup/runs/w90yh081,0.05,0.1
0.040227054187127284,flash,128,3000000000000000.0,171835392,True,triangular_flash_causal_v2,304,112,0.15,cuda:0,75.67433224059641,0.02974964069571883,0.26813505217432976,17458560,NVIDIA H100 80GB HBM3,16,0.0027,7,11,2595712,autoregressive,2999998501355520,results_ar/runs/3e15/2.60M/lr_2.7e-03/result.json,1337,256,2.60M,0.7999999999999999,complete,5244,66.19971398984171,2270722.2767909253,4.041215896606445,5776049323,75.40610624849796,2278799.4308275646,3.928304135799408,bpv1i1e9,https://wandb.ai/y38283929-uc-berkeley-electrical-engineering-computer-sc/climbmix-isoflop-scaleup/runs/bpv1i1e9,0.05,0.1
0.04586170304154222,flash,128,3000000000000000.0,133234688,True,triangular_flash_causal_v2,384,144,0.15,cuda:1,66.3849180508405,0.02306675039450663,0.25069746747612953,22514112,NVIDIA H100 80GB HBM3,16,0.0027,9,9,3422016,autoregressive,2999660687917056,results_ar/runs/3e15/3.4M/lr_2.7e-03/result.json,1337,256,3.4M,0.7999999999999999,complete,4066,38.93456021245956,2007002.3721045041,3.8489129543304443,5776049323,66.13413262553513,2014613.0705970216,3.850847966969013,isczf2hu,https://wandb.ai/y38283929-uc-berkeley-electrical-engineering-computer-sc/climbmix-isoflop-scaleup/runs/isczf2hu,0.05,0.1
0.041850375462171546,flash,128,3000000000000000.0,103710720,True,triangular_flash_causal_v2,432,160,0.15,cuda:2,72.71701319888234,0.017955303737976755,0.2571071870625019,28918080,NVIDIA H100 80GB HBM3,16,0.0027,10,10,4411840,autoregressive,2999114897817600,results_ar/runs/3e15/4.4M/lr_2.7e-03/result.json,1337,256,4.4M,0.7999999999999999,complete,3165,23.507362007688403,1426223.5952451637,4.022945880889893,5776049323,72.4598538801074,1431285.2489545522,3.8874802365899086,b6x142p3,https://wandb.ai/y38283929-uc-berkeley-electrical-engineering-computer-sc/climbmix-isoflop-scaleup/runs/b6x142p3,0.05,0.1
0.05852941660050536,flash,128,3000000000000000.0,82706432,True,triangular_flash_causal_v2,472,176,0.15,cuda:3,52.08423467539251,0.014318858336383357,0.27182856388390064,36263040,NVIDIA H100 80GB HBM3,16,0.0027,11,11,5550336,autoregressive,2999186651873280,results_ar/runs/3e15/5.6M/lr_2.7e-03/result.json,1337,256,5.6M,0.7999999999999999,complete,2524,14.901157695678243,1587936.0139484804,4.045395851135254,5776049323,51.81231625191867,1596269.7285693588,3.91624853014946,low6ictp,https://wandb.ai/y38283929-uc-berkeley-electrical-engineering-computer-sc/climbmix-isoflop-scaleup/runs/low6ictp,0.05,0.1
0.07847295311152386,flash,128,3e+16,450592768,True,triangular_flash_causal_v2,600,224,0.15,cuda:1,386.910311345011,0.07801054714089048,0.38366033136844635,66575040,NVIDIA H100 80GB HBM3,16,0.0027,14,14,10296384,autoregressive,29998231553310720,results_ar/runs/3e16/10.3M/lr_2.7e-03/result.json,1337,256,10.3M,0.7999999999999999,complete,13751,43.76223419794755,1164592.2964255218,3.66086483001709,5776049323,386.5265808850527,1165748.4640985134,3.376839615404606,c63zx48i,https://wandb.ai/y38283929-uc-berkeley-electrical-engineering-computer-sc/climbmix-isoflop-scaleup/runs/c63zx48i,0.05,0.1
0.08451209153354193,flash,128,3e+16,377061376,True,triangular_flash_causal_v2,640,240,0.15,cuda:2,359.2469237148762,0.06528015169443871,0.34477214328944683,79557120,NVIDIA H100 80GB HBM3,16,0.0027,15,15,12341760,autoregressive,29997917137797120,results_ar/runs/3e16/12.3M/lr_2.7e-03/result.json,1337,256,12.3M,0.7999999999999999,complete,11507,30.551669778054347,1049588.3224299024,3.407113790512085,5776049323,358.902067091316,1050596.8356656572,3.3725213930010796,lq6721fj,https://wandb.ai/y38283929-uc-berkeley-electrical-engineering-computer-sc/climbmix-isoflop-scaleup/runs/lq6721fj,0.05,0.1
0.09290867304121952,flash,128,3e+16,300187648,True,triangular_flash_causal_v2,688,256,0.15,cuda:3,326.8456898536533,0.05197110190951186,0.38396739214658737,99929088,NVIDIA H100 80GB HBM3,16,0.0027,16,17,15545344,autoregressive,29997477893505024,results_ar/runs/3e16/15.5M/lr_2.7e-03/result.json,1337,256,15.5M,0.7999999999999999,complete,9161,19.310453856794677,918438.4476185396,3.3310322761535645,5776049323,326.4616663120687,919518.8255672473,3.3775035440921783,bfbuxyp4,https://wandb.ai/y38283929-uc-berkeley-electrical-engineering-computer-sc/climbmix-isoflop-scaleup/runs/bfbuxyp4,0.05,0.1
0.091835504233786,flash,128,3e+16,244285440,True,triangular_flash_causal_v2,728,272,0.15,cuda:0,330.72867563553154,0.04229282444442866,0.4482547175139189,122798208,NVIDIA H100 80GB HBM3,16,0.0027,17,19,19148800,autoregressive,29997814272491520,results_ar/runs/3e16/19.1M/lr_2.7e-03/result.json,1337,256,19.1M,0.7999999999999999,complete,7455,12.757219251336899,738627.9388401343,3.352759599685669,5776049323,330.280326647684,739630.6116064361,3.3798148557543755,i2q37y1e,https://wandb.ai/y38283929-uc-berkeley-electrical-engineering-computer-sc/climbmix-isoflop-scaleup/runs/i2q37y1e,0.05,0.1
0.0917261141374499,flash,128,3e+16,244285440,True,triangular_flash_causal_v2,728,272,0.15,cuda:1,331.0828653238714,0.04229282444442866,0.40856751799583435,122798208,NVIDIA H100 80GB HBM3,16,0.0009,17,19,19148800,autoregressive,29997814272491520,results_ar/runs/3e16/19.1M/lr_9.0e-04/result.json,1337,256,19.1M,0.7999999999999999,complete,7455,12.757219251336899,737837.760830768,3.3626413345336914,5776049323,330.67421008087695,738749.5987069937,3.392041191458702,qqr30yj9,https://wandb.ai/y38283929-uc-berkeley-electrical-engineering-computer-sc/climbmix-isoflop-scaleup/runs/qqr30yj9,0.05,0.1
0.07327809458428033,flash,128,3e+16,543948800,True,triangular_flash_causal_v2,560,208,0.15,cuda:0,414.30550578050315,0.09417315704594442,0.3761685788631439,55149120,NVIDIA H100 80GB HBM3,16,0.0027,13,13,8502208,autoregressive,29998297645056000,results_ar/runs/3e16/8.5M/lr_2.7e-03/result.json,1337,256,8.5M,0.7999999999999999,complete,16600,63.97735741115719,1312917.1406381966,3.4253504276275635,5776049323,413.9292821008712,1314110.4616692571,3.3903327137231827,pls6f71i,https://wandb.ai/y38283929-uc-berkeley-electrical-engineering-computer-sc/climbmix-isoflop-scaleup/runs/pls6f71i,0.05,0.1
0.10305199073396562,flash,128,3e+17,2443018240,True,triangular_flash_causal_v2,728,272,0.15,cuda:0,2943.924125775695,0.42295660985303535,0.41034494899213314,122798208,NVIDIA H100 80GB HBM3,16,0.0027,17,19,19148800,autoregressive,299998261983313920,results_ar/runs/3e17/19.1M/lr_2.7e-03/result.json,1337,256,19.1M,0.7999999999999999,complete,74555,127.5807486631016,829850.9525466418,3.4571733474731445,5776049323,2943.5136986020952,829966.6623465059,3.051939807832241,flemzgnf,https://wandb.ai/y38283929-uc-berkeley-electrical-engineering-computer-sc/climbmix-isoflop-scaleup/runs/flemzgnf,0.05,0.1
0.11452730377872343,flash,128,3e+17,1931608064,True,triangular_flash_causal_v2,768,288,0.15,cuda:1,2649.1038369238377,0.33441682298459835,0.5081587489694357,155310912,NVIDIA H100 80GB HBM3,16,0.0027,18,22,24269760,autoregressive,299999810046394368,results_ar/runs/3e17/24.3M/lr_2.7e-03/result.json,1337,256,24.3M,0.7999999999999999,complete,58948,79.5890879843888,729155.2852994241,3.3163504600524902,5776049323,2648.5955895800143,729295.2052020496,3.0448780581355095,t3pgufxj,https://wandb.ai/y38283929-uc-berkeley-electrical-engineering-computer-sc/climbmix-isoflop-scaleup/runs/t3pgufxj,0.05,0.1
0.118486028885973,flash,128,3e+17,1671856128,True,triangular_flash_causal_v2,816,304,0.15,cuda:0,2560.5436813551933,0.289446303954285,0.487604470923543,179437824,NVIDIA H100 80GB HBM3,16,0.0027,19,23,28123648,autoregressive,299994225649385472,results_ar/runs/3e17/28.1M/lr_2.7e-03/result.json,1337,256,28.1M,0.7999999999999999,complete,51021,59.44663110560906,652930.1336172299,3.1458868980407715,5776049323,2560.0559662450105,653054.5230431868,3.027041479945183,beth8pe5,https://wandb.ai/y38283929-uc-berkeley-electrical-engineering-computer-sc/climbmix-isoflop-scaleup/runs/beth8pe5,0.05,0.1
0.12798885597228662,flash,128,3e+17,1339064320,True,triangular_flash_causal_v2,896,336,0.15,cuda:1,2370.510674746707,0.23183048570376621,0.496523579582572,224036064,NVIDIA H100 80GB HBM3,16,0.0027,21,24,35283360,autoregressive,299998699695636480,results_ar/runs/3e17/35.3M/lr_2.7e-03/result.json,1337,256,35.3M,0.7999999999999999,complete,40865,37.95172341863133,564884.3239835151,3.102182388305664,5776049323,2370.0140662249178,565002.6888375948,3.0277864038944244,38gaft0s,https://wandb.ai/y38283929-uc-berkeley-electrical-engineering-computer-sc/climbmix-isoflop-scaleup/runs/38gaft0s,0.05,0.1
0.13784803405763965,flash,128,3e+17,1085046784,True,triangular_flash_causal_v2,984,368,0.15,cuda:2,2200.9754708576947,0.1878527559796601,0.4953759927302599,276481344,NVIDIA H100 80GB HBM3,16,0.0027,23,25,43734592,autoregressive,299995193143197696,results_ar/runs/3e17/43.7M/lr_2.7e-03/result.json,1337,256,43.7M,0.7999999999999999,complete,33113,24.809806937263758,492984.496359321,3.0884475708007812,5776049323,2200.480010429397,493095.4968267429,3.019687533378601,5j51qkz3,https://wandb.ai/y38283929-uc-berkeley-electrical-engineering-computer-sc/climbmix-isoflop-scaleup/runs/5j51qkz3,0.05,0.1
0.15123009070629007,flash,128,3e+17,872251392,True,triangular_flash_causal_v2,1024,384,0.15,cuda:3,2006.360922852531,0.15101176309674666,0.570907898247242,343936512,NVIDIA H100 80GB HBM3,16,0.0027,24,29,54483456,autoregressive,299999101351624704,results_ar/runs/3e17/54.5M/lr_2.7e-03/result.json,1337,256,54.5M,0.7999999999999999,complete,26619,16.00947252685292,434743.0126180299,3.2385127544403076,5776049323,2005.789943529293,434866.7689824129,3.015607997775078,tjvz6krd,https://wandb.ai/y38283929-uc-berkeley-electrical-engineering-computer-sc/climbmix-isoflop-scaleup/runs/tjvz6krd,0.05,0.1
0.15875832863655043,flash,128,3e+17,697303040,True,triangular_flash_causal_v2,1152,432,0.15,cuda:3,1911.2400462571532,0.12072317963480104,0.5740865785628557,430225344,NVIDIA H100 80GB HBM3,16,0.0027,27,29,68510016,autoregressive,299997440256245760,results_ar/runs/3e17/68.5M/lr_2.7e-03/result.json,1337,256,68.5M,0.7999999999999999,complete,21280,10.178118189317019,364843.2552287466,3.131984233856201,5776049323,1910.6658411696553,364952.9001749102,3.0262578800320625,gtlp5w4h,https://wandb.ai/y38283929-uc-berkeley-electrical-engineering-computer-sc/climbmix-isoflop-scaleup/runs/gtlp5w4h,0.05,0.1
