p_ar,budget,size,n_params,steps,ar_steps,bd_steps,learning_rate,val_nelbo,val_masked_ce_t0.5,clean_tokens,realized_flops,effective_compute_parameters,duration_seconds,result_path
0.0,10000000000000.0,0.002M,2232,1388,,,0.027,2.42804936170578,2.4345784306526186,45481984,9994393092096,18312.0,10.434048875235021,results_dense_attention/runs/1e13/0.002M/lr_2.7e-02/result.json
0.0,10000000000000.0,0.005M,4308,894,,,0.081,2.3008011102676393,2.3057337522506716,29294592,9993439936512,28428.0,7.525384910404682,results_dense_attention/runs/1e13/0.005M/lr_8.1e-02/result.json
0.0,10000000000000.0,0.01M,11152,426,,,0.027,2.315013039112091,2.3189709782600403,13959168,9994317594624,59664.0,4.848361917771399,results_dense_attention/runs/1e13/0.01M/lr_2.7e-02/result.json
0.0,10000000000000.0,0.02M,22488,266,,,0.027,2.4415908336639403,2.4445419907569885,8716288,9963344756736,95256.0,3.599301455542445,results_dense_attention/runs/1e13/0.02M/lr_2.7e-02/result.json
0.0,10000000000000.0,0.04M,39968,185,,,0.009,2.5632964253425596,2.5676114320755006,6062080,9965477560320,136992.0,2.8970728712156415,results_dense_attention/runs/1e13/0.04M/lr_9.0e-03/result.json
0.0,30000000000000.0,0.01M,11152,1278,,,0.027,2.1433741569519045,2.1469118475914,41877504,29982952783872,59664.0,14.251815575174987,results_dense_attention/runs/3e13/0.01M/lr_2.7e-02/result.json
0.0,30000000000000.0,0.02M,22488,800,,,0.027,2.0779751539230347,2.0767124772071837,26214400,29964946636800,95256.0,9.37393665406853,results_dense_attention/runs/3e13/0.02M/lr_2.7e-02/result.json
0.0,30000000000000.0,0.04M,39968,556,,,0.009,2.1104687571525576,2.109746181964874,18219008,29950300127232,136992.0,7.231986248865724,results_dense_attention/runs/3e13/0.04M/lr_9.0e-03/result.json
0.0,30000000000000.0,0.1M,114192,247,,,0.009,2.4144751906394957,2.415024185180664,8093696,29990445907968,308784.0,4.899815971031785,results_dense_attention/runs/3e13/0.1M/lr_9.0e-03/result.json
0.0,30000000000000.0,0.2M,205504,164,,,0.009,2.665190804004669,2.6759498476982118,5373952,29984072663040,464960.0,4.309720877557993,results_dense_attention/runs/3e13/0.2M/lr_9.0e-03/result.json
0.0,100000000000000.0,0.01M,11152,4262,,,0.009,2.061352664232254,2.0696313619613647,139657216,99990097625088,59664.0,39.24008131213486,results_dense_attention/runs/1e14/0.01M/lr_9.0e-03/result.json
0.0,100000000000000.0,0.02M,22488,2669,,,0.009,1.9618567168712615,1.9634137451648712,87457792,99970553217024,95256.0,28.782179527916014,results_dense_attention/runs/1e14/0.02M/lr_9.0e-03/result.json
0.0,100000000000000.0,0.04M,39968,1856,,,0.009,1.8922452747821807,1.890158861875534,60817408,99977980280832,136992.0,21.835679495707154,results_dense_attention/runs/1e14/0.04M/lr_9.0e-03/result.json
0.0,100000000000000.0,0.1M,114192,823,,,0.003,1.962802344560623,1.9595059156417847,26968064,99927680090112,308784.0,12.937536380253732,results_dense_attention/runs/1e14/0.1M/lr_3.0e-03/result.json
0.0,100000000000000.0,0.2M,205504,546,,,0.009,1.9996957659721375,1.998246395587921,17891328,99825022402560,464960.0,10.091622765175998,results_dense_attention/runs/1e14/0.2M/lr_9.0e-03/result.json
0.0,100000000000000.0,0.4M,393360,318,,,0.003,2.2100971817970274,2.207091450691223,10420224,99964126494720,799440.0,8.326703482307494,results_dense_attention/runs/1e14/0.4M/lr_3.0e-03/result.json
0.0,100000000000000.0,0.8M,781920,173,,,0.003,2.4551612734794617,2.4551249623298643,5668864,99688560721920,1465440.0,6.472257113084197,results_dense_attention/runs/1e14/0.8M/lr_3.0e-03/result.json
0.0,300000000000000.0,0.01M,11152,12787,,,0.027,2.0457835614681246,2.0496589303016663,419004416,299993753714688,59664.0,118.44890597648919,results_dense_attention/runs/3e14/0.01M/lr_2.7e-02/result.json
0.0,300000000000000.0,0.02M,22488,8009,,,0.009,1.9094286799430846,1.909029871225357,262438912,299986572017664,95256.0,81.30772480648011,results_dense_attention/runs/3e14/0.02M/lr_9.0e-03/result.json
0.0,300000000000000.0,0.04M,39968,5569,,,0.009,1.835457843542099,1.8335794866085053,182484992,299987808288768,136992.0,64.50245711114258,results_dense_attention/runs/3e14/0.04M/lr_9.0e-03/result.json
0.0,300000000000000.0,0.1M,114192,2470,,,0.003,1.7631201565265655,1.752748477458954,80936960,299904459079680,308784.0,41.732764814049006,results_dense_attention/runs/3e14/0.1M/lr_3.0e-03/result.json
0.0,300000000000000.0,0.2M,205504,1640,,,0.003,1.7547221302986145,1.7444425165653228,53739520,299840726630400,464960.0,33.55946592334658,results_dense_attention/runs/3e14/0.2M/lr_3.0e-03/result.json
0.0,300000000000000.0,0.4M,393360,954,,,0.003,1.7907604932785035,1.7836573719978333,31260672,299892379484160,799440.0,30.09934572223574,results_dense_attention/runs/3e14/0.4M/lr_3.0e-03/result.json
0.0,300000000000000.0,0.8M,781920,520,,,0.003,1.9348643481731416,1.9279813647270203,17039360,299641916620800,1465440.0,27.77120101172477,results_dense_attention/runs/3e14/0.8M/lr_3.0e-03/result.json
0.0,300000000000000.0,1.6M,1591680,289,,,0.003,2.233978474140167,2.234306204319,9469952,299309878738944,2633856.0,20.574570544064045,results_dense_attention/runs/3e14/1.6M/lr_3.0e-03/result.json
0.0,1000000000000000.0,0.04M,39968,18564,,,0.027,1.8092344880104065,1.8034877240657807,608305152,999995272593408,136992.0,213.8534159520641,results_dense_attention/runs/1e15/0.04M/lr_2.7e-02/result.json
0.0,1000000000000000.0,0.1M,114192,8235,,,0.009,1.6771909415721893,1.6628169000148774,269844480,999883894947840,308784.0,136.81537784822285,results_dense_attention/runs/1e15/0.1M/lr_9.0e-03/result.json
0.0,1000000000000000.0,0.2M,205504,5469,,,0.003,1.6401796162128448,1.6222194254398346,179208192,999895691427840,464960.0,114.90193975809962,results_dense_attention/runs/1e15/0.2M/lr_3.0e-03/result.json
0.0,1000000000000000.0,0.4M,393360,3181,,,0.003,1.6128121376037599,1.595088106393814,104235008,999955617546240,799440.0,98.41508597228676,results_dense_attention/runs/1e15/0.4M/lr_3.0e-03/result.json
0.0,1000000000000000.0,0.8M,781920,1735,,,0.001,1.6236506521701812,1.6021855652332306,56852480,999766779494400,1465440.0,85.58708696998656,results_dense_attention/runs/1e15/0.8M/lr_1.0e-03/result.json
0.0,1000000000000000.0,1.6M,1591680,965,,,0.003,1.72838134765625,1.7145099759101867,31621120,999425719664640,2633856.0,71.76634628325701,results_dense_attention/runs/1e15/1.6M/lr_3.0e-03/result.json
0.1,10000000000000.0,0.002M,2232,1496,150,1346,0.027,2.4331308603286743,2.4435404419898985,49020928,9998205714432,16996.491978609625,11.034997522830963,results_p_ar/runs/p_ar_0.1/1e13/0.002M/lr_2.7e-02/result.json
0.1,10000000000000.0,0.005M,4308,962,96,866,0.081,2.2710731744766237,2.2775943517684936,31522816,9992552841216,26416.19126819127,11.987812395207584,results_p_ar/runs/p_ar_0.1/1e13/0.005M/lr_8.1e-02/result.json
0.1,10000000000000.0,0.01M,11152,458,46,412,0.027,2.2966055989265444,2.3019837737083435,15007744,9987975806976,55460.12227074236,5.903377132490277,results_p_ar/runs/p_ar_0.1/1e13/0.01M/lr_2.7e-02/result.json
0.1,10000000000000.0,0.02M,22488,286,29,257,0.027,2.4704081296920775,2.4720942616462707,9371648,9963684495360,88597.76223776223,4.3167973551899195,results_p_ar/runs/p_ar_0.1/1e13/0.02M/lr_2.7e-02/result.json
0.1,10000000000000.0,0.04M,39968,199,20,179,0.009,2.4776177406311035,2.484756875038147,6520832,9991826178048,127691.09547738693,3.807788772508502,results_p_ar/runs/p_ar_0.1/1e13/0.04M/lr_9.0e-03/result.json
0.1,30000000000000.0,0.01M,11152,1375,138,1237,0.027,2.141792380809784,2.1451504945755007,45056000,29987388260352,55463.17963636364,13.93108954001218,results_p_ar/runs/p_ar_0.1/3e13/0.01M/lr_2.7e-02/result.json
0.1,30000000000000.0,0.02M,22488,860,86,774,0.027,2.085397279262543,2.0849435687065125,28180480,29991785988096,88689.6,10.01218190882355,results_p_ar/runs/p_ar_0.1/3e13/0.02M/lr_2.7e-02/result.json
0.1,30000000000000.0,0.04M,39968,597,60,537,0.009,2.0608559787273406,2.061067724227905,19562496,29975478534144,127691.09547738693,8.588156506419182,results_p_ar/runs/p_ar_0.1/3e13/0.04M/lr_9.0e-03/result.json
0.1,30000000000000.0,0.1M,114192,264,26,238,0.009,2.3463255524635316,2.352802872657776,8650752,29981707075584,288816.0,5.067651210352778,results_p_ar/runs/p_ar_0.1/3e13/0.1M/lr_9.0e-03/result.json
0.1,30000000000000.0,0.2M,205504,175,18,157,0.009,2.5147408127784727,2.5189682602882386,5734400,29893349867520,434415.54285714286,5.154685841873288,results_p_ar/runs/p_ar_0.1/3e13/0.2M/lr_9.0e-03/result.json
0.1,100000000000000.0,0.01M,11152,4583,458,4125,0.009,2.092672419548035,2.1000844717025755,150175744,99983057485824,55481.139864717436,44.81087589915842,results_p_ar/runs/p_ar_0.1/1e14/0.01M/lr_9.0e-03/result.json
0.1,100000000000000.0,0.02M,22488,2867,287,2580,0.009,1.9509893000125884,1.9569982886314392,93945856,99976498642944,88682.72898500174,29.097646741196513,results_p_ar/runs/p_ar_0.1/1e14/0.02M/lr_9.0e-03/result.json
0.1,100000000000000.0,0.04M,39968,1990,199,1791,0.009,1.9097555160522461,1.9038122117519378,65208320,99954651561984,127737.6,22.202890547923744,results_p_ar/runs/p_ar_0.1/1e14/0.04M/lr_9.0e-03/result.json
0.1,100000000000000.0,0.1M,114192,881,88,793,0.003,1.9473159909248352,1.9437094390392304,28868608,99954141954048,288531.81384790014,13.925364337861538,results_p_ar/runs/p_ar_0.1/1e14/0.1M/lr_3.0e-03/result.json
0.1,100000000000000.0,0.2M,205504,584,58,526,0.009,2.09641489982605,2.0966758370399474,19136512,99999924879360,435467.397260274,11.13912034779787,results_p_ar/runs/p_ar_0.1/1e14/0.2M/lr_9.0e-03/result.json
0.1,100000000000000.0,0.4M,393360,339,34,305,0.003,2.1195669174194336,2.1178855538368224,11108352,99870163599360,749212.2713864307,9.677908094599843,results_p_ar/runs/p_ar_0.1/1e14/0.4M/lr_3.0e-03/result.json
0.1,100000000000000.0,0.8M,781920,185,19,166,0.003,2.52318035364151,2.525463616847992,6062080,99855712124928,1372682.2054054055,7.763329967856407,results_p_ar/runs/p_ar_0.1/1e14/0.8M/lr_3.0e-03/result.json
0.1,300000000000000.0,0.01M,11152,13751,1375,12376,0.027,2.051543825864792,2.052496874332428,450592768,299979635687424,55478.70438513563,131.35906445793808,results_p_ar/runs/p_ar_0.1/3e14/0.01M/lr_2.7e-02/result.json
0.1,300000000000000.0,0.02M,22488,8602,860,7742,0.009,1.9207183063030242,1.9196564972400665,281870336,299992772247552,88691.12671471751,92.96259523369372,results_p_ar/runs/p_ar_0.1/3e14/0.02M/lr_9.0e-03/result.json
0.1,300000000000000.0,0.04M,39968,5972,597,5375,0.009,1.8363757491111756,1.83387610912323,195690496,299971689578496,127740.6992632284,69.49025888647884,results_p_ar/runs/p_ar_0.1/3e14/0.04M/lr_9.0e-03/result.json
0.1,300000000000000.0,0.1M,114192,2644,264,2380,0.003,1.7706302940845489,1.7655914545059204,86638592,299983844671488,288539.4735249622,41.7666406147182,results_p_ar/runs/p_ar_0.1/3e14/0.1M/lr_3.0e-03/result.json
0.1,300000000000000.0,0.2M,205504,1752,175,1577,0.003,1.7628251552581786,1.7549374580383301,57409536,299883005214720,435297.89954337897,35.82180512417108,results_p_ar/runs/p_ar_0.1/3e14/0.2M/lr_3.0e-03/result.json
0.1,300000000000000.0,0.4M,393360,1018,102,916,0.003,1.7944075345993042,1.7838412642478942,33357824,299924843397120,749261.6110019647,32.93873381707817,results_p_ar/runs/p_ar_0.1/3e14/0.4M/lr_3.0e-03/result.json
0.1,300000000000000.0,0.8M,781920,555,56,499,0.003,1.9086629331111908,1.8994008302688599,18186240,299922276483072,1374309.535135135,26.526878396049142,results_p_ar/runs/p_ar_0.1/3e14/0.8M/lr_3.0e-03/result.json
0.1,300000000000000.0,1.6M,1591680,308,31,277,0.003,2.1929334163665772,2.190407228469849,10092544,299765027831808,2475136.0,24.050232612527907,results_p_ar/runs/p_ar_0.1/3e14/1.6M/lr_3.0e-03/result.json
0.1,1000000000000000.0,0.04M,39968,19909,1991,17918,0.027,1.8021688640117646,1.7929177641868592,652378112,999994932854784,127737.13516500076,233.05525935534388,results_p_ar/runs/p_ar_0.1/1e15/0.04M/lr_2.7e-02/result.json
0.1,1000000000000000.0,0.1M,114192,8815,882,7933,0.009,1.6822529196739198,1.6717956066131592,288849920,999989062926336,288497.2996029495,138.1523411301896,results_p_ar/runs/p_ar_0.1/1e15/0.1M/lr_9.0e-03/result.json
0.1,1000000000000000.0,0.2M,205504,5842,584,5258,0.003,1.6542736649513246,1.6404350399971008,191430656,999897830522880,435274.1663813762,113.28939331881702,results_p_ar/runs/p_ar_0.1/1e15/0.2M/lr_3.0e-03/result.json
0.1,1000000000000000.0,0.4M,393360,3393,339,3054,0.003,1.6147059381008149,1.5998477697372437,111181824,999841616363520,749404.2793987622,102.01515830494463,results_p_ar/runs/p_ar_0.1/1e15/0.4M/lr_3.0e-03/result.json
0.1,1000000000000000.0,0.8M,781920,1849,185,1664,0.001,1.6517386555671691,1.63266561627388,60588032,999756587335680,1375074.3537047051,87.79218615218997,results_p_ar/runs/p_ar_0.1/1e15/0.8M/lr_1.0e-03/result.json
0.1,1000000000000000.0,1.6M,1591680,1027,103,924,0.003,1.7274025678634644,1.7169745206832885,33652736,999768679514112,2475699.3495618305,54.1094431495294,results_p_ar/runs/p_ar_0.1/1e15/1.6M/lr_3.0e-03/result.json
0.2,10000000000000.0,0.002M,2232,1620,324,1296,0.027,2.4058207392692568,2.4126128554344177,53084160,9993411624960,15688.0,12.812120823189616,results_p_ar/runs/p_ar_0.2/1e13/0.002M/lr_2.7e-02/result.json
0.2,10000000000000.0,0.005M,4308,1042,208,834,0.081,2.371672880649567,2.3757391691207888,34144256,9998970126336,24403.73896353167,16.790668660774827,results_p_ar/runs/p_ar_0.2/1e13/0.005M/lr_8.1e-02/result.json
0.2,10000000000000.0,0.01M,11152,495,99,396,0.027,2.233476483821869,2.233167254924774,16220160,9983729074176,51292.8,6.756900580599904,results_p_ar/runs/p_ar_0.2/1e13/0.01M/lr_2.7e-02/result.json
0.2,10000000000000.0,0.02M,22488,309,62,247,0.027,2.3678645730018615,2.3727816104888917,10125312,9973112242176,82080.69902912622,4.844568436965346,results_p_ar/runs/p_ar_0.2/1e13/0.02M/lr_2.7e-02/result.json
0.2,10000000000000.0,0.04M,39968,214,43,171,0.009,2.4046274423599243,2.4121934533119203,7012352,9962872897536,118396.71028037384,3.4458066215738654,results_p_ar/runs/p_ar_0.2/1e13/0.04M/lr_9.0e-03/result.json
0.2,30000000000000.0,0.01M,11152,1487,297,1190,0.027,2.135327935218811,2.1392089247703554,48726016,29998108901376,51304.059179556156,15.203755131922662,results_p_ar/runs/p_ar_0.2/3e13/0.01M/lr_2.7e-02/result.json
0.2,30000000000000.0,0.02M,22488,929,186,743,0.027,2.0650152921676637,2.06629456281662,30441472,29994249093120,82109.06350914962,10.628799221478403,results_p_ar/runs/p_ar_0.2/3e13/0.02M/lr_2.7e-02/result.json
0.2,30000000000000.0,0.04M,39968,644,129,515,0.009,2.0189697325229643,2.019034135341644,21102592,29996353585152,118454.4596273292,8.127383762970567,results_p_ar/runs/p_ar_0.2/3e13/0.04M/lr_9.0e-03/result.json
0.2,30000000000000.0,0.1M,114192,284,57,227,0.009,2.317248260974884,2.3206354141235352,9306112,29938598019072,268090.8169014084,5.729013007134199,results_p_ar/runs/p_ar_0.2/3e13/0.1M/lr_9.0e-03/result.json
0.2,30000000000000.0,0.2M,205504,188,38,150,0.009,2.622118878364563,2.6304229497909546,6160384,29934747648000,404936.170212766,4.10761371999979,results_p_ar/runs/p_ar_0.2/3e13/0.2M/lr_9.0e-03/result.json
0.2,100000000000000.0,0.01M,11152,4958,992,3966,0.009,2.0993730068206786,2.1079359650611877,162463744,99992060559360,51289.42315449778,48.23233489692211,results_p_ar/runs/p_ar_0.2/1e14/0.01M/lr_9.0e-03/result.json
0.2,100000000000000.0,0.02M,22488,3096,619,2477,0.009,1.9663963973522187,1.9689464449882508,101449728,99981679656960,82127.44186046511,30.7358146738261,results_p_ar/runs/p_ar_0.2/1e14/0.02M/lr_9.0e-03/result.json
0.2,100000000000000.0,0.04M,39968,2146,429,1717,0.009,1.8885294377803803,1.8883570671081542,70320128,99988323434496,118491.82479030755,20.866706392727792,results_p_ar/runs/p_ar_0.2/1e14/0.04M/lr_9.0e-03/result.json
0.2,100000000000000.0,0.1M,114192,948,190,758,0.003,1.912377917766571,1.9114823281764983,31064064,99957218476032,268148.0506329114,15.428418398834765,results_p_ar/runs/p_ar_0.2/1e14/0.1M/lr_3.0e-03/result.json
0.2,100000000000000.0,0.2M,205504,626,125,501,0.009,1.9485159158706664,1.9492937564849853,20512768,99855221391360,405662.875399361,13.336815095506608,results_p_ar/runs/p_ar_0.2/1e14/0.2M/lr_9.0e-03/result.json
0.2,100000000000000.0,0.4M,393360,363,73,290,0.003,2.048201447725296,2.046147048473358,11894784,99734645637120,698728.1542699725,11.224512200802565,results_p_ar/runs/p_ar_0.2/1e14/0.4M/lr_3.0e-03/result.json
0.2,100000000000000.0,0.8M,781920,198,40,158,0.003,2.361195242404938,2.36413254737854,6488064,99888817766400,1282981.8181818181,10.04293343052268,results_p_ar/runs/p_ar_0.2/1e14/0.8M/lr_3.0e-03/result.json
0.2,300000000000000.0,0.01M,11152,14874,2975,11899,0.027,2.05032856464386,2.053966450691223,487391232,299992640126976,51292.237192416294,140.93268266692758,results_p_ar/runs/p_ar_0.2/3e14/0.01M/lr_2.7e-02/result.json
0.2,300000000000000.0,0.02M,22488,9290,1858,7432,0.009,1.9212270379066467,1.9240839540958405,304414720,299994131202048,82123.2,87.26863254513592,results_p_ar/runs/p_ar_0.2/3e14/0.02M/lr_9.0e-03/result.json
0.2,300000000000000.0,0.04M,39968,6439,1288,5151,0.009,1.849601012468338,1.8462374925613403,210993152,299982447968256,118480.32551638453,64.49433656875044,results_p_ar/runs/p_ar_0.2/3e14/0.04M/lr_9.0e-03/result.json
0.2,300000000000000.0,0.1M,114192,2844,569,2275,0.003,1.7628922760486603,1.757725864648819,93192192,299951380758528,268219.3417721519,43.97817062679678,results_p_ar/runs/p_ar_0.2/3e14/0.1M/lr_3.0e-03/result.json
0.2,300000000000000.0,0.2M,205504,1881,376,1505,0.003,1.7397615611553192,1.732752412557602,61636608,299997383884800,405599.57469431154,35.791336722671986,results_p_ar/runs/p_ar_0.2/3e14/0.2M/lr_3.0e-03/result.json
0.2,300000000000000.0,0.4M,393360,1090,218,872,0.003,1.7735010087490082,1.7643186092376708,35717120,299715212083200,699280.0,30.967547620646656,results_p_ar/runs/p_ar_0.2/3e14/0.4M/lr_3.0e-03/result.json
0.2,300000000000000.0,0.8M,781920,593,119,474,0.003,1.874550700187683,1.869550061225891,19431424,299445358952448,1284197.1804384487,27.12876290921122,results_p_ar/runs/p_ar_0.2/3e14/0.8M/lr_3.0e-03/result.json
0.2,300000000000000.0,1.6M,1591680,329,66,263,0.003,2.1037601113319395,2.10091917514801,10780672,299811181953024,2317505.361702128,19.118581175804138,results_p_ar/runs/p_ar_0.2/3e14/1.6M/lr_3.0e-03/result.json
0.2,1000000000000000.0,0.04M,39968,21464,4293,17171,0.027,1.8142227590084077,1.8083278238773346,703332352,999989534785536,118482.33768169959,237.643907379359,results_p_ar/runs/p_ar_0.2/1e15/0.04M/lr_2.7e-02/result.json
0.2,1000000000000000.0,0.1M,114192,9480,1896,7584,0.009,1.691551399230957,1.6787608861923218,310640640,999891086082048,268233.6,150.02887851558626,results_p_ar/runs/p_ar_0.2/1e15/0.1M/lr_9.0e-03/result.json
0.2,1000000000000000.0,0.2M,205504,6270,1254,5016,0.003,1.6532364249229432,1.6414013266563416,205455360,999913433333760,405568.0,120.91380211059004,results_p_ar/runs/p_ar_0.2/1e15/0.2M/lr_3.0e-03/result.json
0.2,1000000000000000.0,0.4M,393360,3636,727,2909,0.003,1.6157150149345398,1.5972549140453338,119144448,999823339683840,699307.5467546755,101.30148328561336,results_p_ar/runs/p_ar_0.2/1e15/0.4M/lr_3.0e-03/result.json
0.2,1000000000000000.0,0.8M,781920,1979,396,1583,0.001,1.6329443037509919,1.617299920320511,64847872,999732503642112,1284715.1248105103,89.7458230862394,results_p_ar/runs/p_ar_0.2/1e15/0.8M/lr_1.0e-03/result.json
0.2,1000000000000000.0,1.6M,1591680,1096,219,877,0.003,1.677586853504181,1.662740170955658,35913728,999300242866176,2318751.7664233577,62.687311499379575,results_p_ar/runs/p_ar_0.2/1e15/1.6M/lr_3.0e-03/result.json
0.3,10000000000000.0,0.002M,2232,1769,531,1238,0.027,2.5211777448654176,2.5279921650886537,57966592,9998385020928,14373.775014132278,16.75042110402137,results_p_ar/runs/p_ar_0.3/1e13/0.002M/lr_2.7e-02/result.json
0.3,10000000000000.0,0.005M,4308,1136,341,795,0.081,2.3095977902412415,2.310071647167206,37224448,9995412307968,22376.450704225354,11.881088058464229,results_p_ar/runs/p_ar_0.3/1e13/0.005M/lr_8.1e-02/result.json
0.3,10000000000000.0,0.01M,11152,539,162,377,0.027,2.236981415748596,2.242070233821869,17661952,9979123728384,47083.903525046386,6.880626419559121,results_p_ar/runs/p_ar_0.3/1e13/0.01M/lr_2.7e-02/result.json
0.3,10000000000000.0,0.02M,22488,336,101,235,0.027,2.310251009464264,2.314333665370941,11010048,9977443909632,75517.71428571429,4.401088203303516,results_p_ar/runs/p_ar_0.3/1e13/0.02M/lr_2.7e-02/result.json
0.3,10000000000000.0,0.04M,39968,232,70,162,0.009,2.3653619647026063,2.367349934577942,7602176,9949962829824,109069.24137931035,3.730291172862053,results_p_ar/runs/p_ar_0.3/1e13/0.04M/lr_9.0e-03/result.json
0.3,30000000000000.0,0.01M,11152,1619,486,1133,0.027,2.1259254813194275,2.1292561173439024,53051392,29984292864000,47099.4441012971,16.1317666945979,results_p_ar/runs/p_ar_0.3/3e13/0.01M/lr_2.7e-02/result.json
0.3,30000000000000.0,0.02M,22488,1009,303,706,0.027,2.075578045845032,2.07590913772583,33062912,29969787912192,75537.27651139742,10.948267349041998,results_p_ar/runs/p_ar_0.3/3e13/0.02M/lr_2.7e-02/result.json
0.3,30000000000000.0,0.04M,39968,698,209,489,0.009,2.0260247349739076,2.025745064020157,22872064,29994013163520,109281.83381088825,8.071281891316175,results_p_ar/runs/p_ar_0.3/3e13/0.04M/lr_9.0e-03/result.json
0.3,30000000000000.0,0.1M,114192,307,92,215,0.009,2.2486425757408144,2.2522014021873473,10059776,29940844068864,248024.44299674267,5.78238769993186,results_p_ar/runs/p_ar_0.3/3e13/0.1M/lr_9.0e-03/result.json
0.3,30000000000000.0,0.2M,205504,203,61,142,0.009,2.6002670884132386,2.6116586565971374,6651904,29991496581120,375725.71428571426,4.228741846978664,results_p_ar/runs/p_ar_0.3/3e13/0.2M/lr_9.0e-03/result.json
0.3,100000000000000.0,0.01M,11152,5398,1619,3779,0.009,2.1059176683425904,2.115525412559509,176881664,99995382448128,47110.30159318266,50.75948845036328,results_p_ar/runs/p_ar_0.3/1e14/0.01M/lr_9.0e-03/result.json
0.3,100000000000000.0,0.02M,22488,3366,1010,2356,0.009,1.9615571320056915,1.9653701484203339,110297088,99999176196096,75552.89839572193,32.873740644194186,results_p_ar/runs/p_ar_0.3/1e14/0.02M/lr_9.0e-03/result.json
0.3,100000000000000.0,0.04M,39968,2327,698,1629,0.009,1.9116816461086272,1.9085947394371032,76251136,99949479985152,109232.7769660507,25.114560489542782,results_p_ar/runs/p_ar_0.3/1e14/0.04M/lr_9.0e-03/result.json
0.3,100000000000000.0,0.1M,114192,1025,308,717,0.003,1.8966799974441528,1.895848673582077,33587200,99898877804544,247859.49658536585,15.392490762285888,results_p_ar/runs/p_ar_0.3/1e14/0.1M/lr_3.0e-03/result.json
0.3,100000000000000.0,0.2M,205504,676,203,473,0.009,1.9010466098785401,1.8920910060405731,22151168,99888691937280,375784.1420118343,12.792973806150258,results_p_ar/runs/p_ar_0.3/1e14/0.2M/lr_9.0e-03/result.json
0.3,100000000000000.0,0.4M,393360,392,118,274,0.003,2.041826432943344,2.0411715626716616,12845056,99989355233280,648688.9795918367,11.428165723569691,results_p_ar/runs/p_ar_0.3/1e14/0.4M/lr_3.0e-03/result.json
0.3,100000000000000.0,0.8M,781920,212,64,148,0.003,2.2405662894248963,2.240613782405853,6946816,99432737538048,1192785.5094339622,8.598989509046078,results_p_ar/runs/p_ar_0.3/1e14/0.8M/lr_3.0e-03/result.json
0.3,300000000000000.0,0.01M,11152,16195,4859,11336,0.027,2.0558559775352476,2.060749280452728,530677760,299976691286016,47105.90774930534,151.02212702017277,results_p_ar/runs/p_ar_0.3/3e14/0.01M/lr_2.7e-02/result.json
0.3,300000000000000.0,0.02M,22488,10097,3029,7068,0.009,1.9191105663776398,1.9245766818523407,330858496,299985892540416,75557.45033178171,94.20909641869366,results_p_ar/runs/p_ar_0.3/3e14/0.02M/lr_9.0e-03/result.json
0.3,300000000000000.0,0.04M,39968,6985,2096,4889,0.009,1.8384460270404817,1.8358613073825836,228884480,299991130177536,109222.17551896922,70.37551807798445,results_p_ar/runs/p_ar_0.3/3e14/0.04M/lr_9.0e-03/result.json
0.3,300000000000000.0,0.1M,114192,3076,923,2153,0.003,1.7647725820541382,1.7579374194145203,100794368,299897777553408,247945.21716514954,45.488421307876706,results_p_ar/runs/p_ar_0.3/3e14/0.1M/lr_3.0e-03/result.json
0.3,300000000000000.0,0.2M,205504,2029,609,1420,0.003,1.757222592830658,1.7495493769645691,66486272,299848905523200,375828.092656481,36.940461185760796,results_p_ar/runs/p_ar_0.3/3e14/0.2M/lr_3.0e-03/result.json
0.3,300000000000000.0,0.4M,393360,1175,353,822,0.003,1.7442793190479278,1.7333925008773803,38502400,299850635673600,648986.8936170213,30.649782463908195,results_p_ar/runs/p_ar_0.3/3e14/0.4M/lr_3.0e-03/result.json
0.3,300000000000000.0,0.8M,781920,638,191,447,0.003,1.8324168920516968,1.8259242475032806,20905984,299805821632512,1195055.8495297807,25.756752642802894,results_p_ar/runs/p_ar_0.3/3e14/0.8M/lr_3.0e-03/result.json
0.3,300000000000000.0,1.6M,1591680,353,106,247,0.003,2.0520591139793396,2.051793611049652,11567104,299863929520128,2160321.269121813,19.494376219809055,results_p_ar/runs/p_ar_0.3/3e14/1.6M/lr_3.0e-03/result.json
0.3,1000000000000000.0,0.04M,39968,23282,6985,16297,0.027,1.8084761142730712,1.801574045419693,762904576,999959260299264,109227.21003350227,255.6788216009736,results_p_ar/runs/p_ar_0.3/1e15/0.04M/lr_2.7e-02/result.json
0.3,1000000000000000.0,0.1M,114192,10256,3077,7179,0.009,1.6789152383804322,1.6652035593986512,336068608,999956466892800,247954.4461778471,148.61781761143357,results_p_ar/runs/p_ar_0.3/1e15/0.1M/lr_9.0e-03/result.json
0.3,1000000000000000.0,0.2M,205504,6766,2030,4736,0.003,1.6655755937099457,1.6579226195812224,221708288,999983897640960,375863.2219923145,122.7944515561685,results_p_ar/runs/p_ar_0.3/1e15/0.2M/lr_3.0e-03/result.json
0.3,1000000000000000.0,0.4M,393360,3917,1175,2742,0.003,1.610988736152649,1.5946625769138336,128352256,999935107399680,649212.7852948685,109.10907522775233,results_p_ar/runs/p_ar_0.3/1e15/0.4M/lr_3.0e-03/result.json
0.3,1000000000000000.0,0.8M,781920,2129,639,1490,0.001,1.6348924815654755,1.6135007381439208,69763072,999868625584128,1194362.3334899014,88.47177913691849,results_p_ar/runs/p_ar_0.3/1e15/0.8M/lr_1.0e-03/result.json
0.3,1000000000000000.0,1.6M,1591680,1176,353,823,0.003,1.6537262320518493,1.639782828092575,38535168,999062677487616,2160499.8095238097,55.66439388692379,results_p_ar/runs/p_ar_0.3/1e15/1.6M/lr_3.0e-03/result.json
0.4,10000000000000.0,0.002M,2232,1946,778,1168,0.027,2.4610144972801207,2.469781446456909,63766528,9998614659072,13066.696813977389,14.706659811548889,results_p_ar/runs/p_ar_0.4/1e13/0.002M/lr_2.7e-02/result.json
0.4,10000000000000.0,0.005M,4308,1249,500,749,0.081,2.3109048128128054,2.316561925411224,40927232,9998134935552,20357.543634907925,17.618801626376808,results_p_ar/runs/p_ar_0.4/1e13/0.005M/lr_8.1e-02/result.json
0.4,10000000000000.0,0.01M,11152,592,237,355,0.027,2.23111914396286,2.234894132614136,19398656,9988164550656,42907.45945945946,7.661926940083504,results_p_ar/runs/p_ar_0.4/1e13/0.01M/lr_2.7e-02/result.json
0.4,10000000000000.0,0.02M,22488,369,148,221,0.027,2.311238241195679,2.3155979990959166,12091392,9999951593472,68919.21951219512,5.104903153143823,results_p_ar/runs/p_ar_0.4/1e13/0.02M/lr_2.7e-02/result.json
0.4,10000000000000.0,0.04M,39968,254,102,152,0.009,2.368869256973267,2.3739330768585205,8323072,9970573639680,99828.66141732283,3.679076751694083,results_p_ar/runs/p_ar_0.4/1e13/0.04M/lr_9.0e-03/result.json
0.4,30000000000000.0,0.01M,11152,1777,711,1066,0.027,2.137443685531616,2.1439002633094786,58228736,29987954491392,42916.88913899831,17.37451141513884,results_p_ar/runs/p_ar_0.4/3e13/0.01M/lr_2.7e-02/result.json
0.4,30000000000000.0,0.02M,22488,1105,442,663,0.027,2.0597029864788055,2.061365032196045,36208640,29976582684672,68990.4,12.145729783922434,results_p_ar/runs/p_ar_0.4/3e13/0.02M/lr_2.7e-02/result.json
0.4,30000000000000.0,0.04M,39968,762,305,457,0.009,2.0028945803642273,2.0025636851787567,24969216,29948110700544,99950.11023622047,9.152786459773779,results_p_ar/runs/p_ar_0.4/3e13/0.04M/lr_9.0e-03/result.json
0.4,30000000000000.0,0.1M,114192,335,134,201,0.009,2.149178111553192,2.150757670402527,10977280,29992106852352,227683.2,6.22700460255146,results_p_ar/runs/p_ar_0.4/3e13/0.1M/lr_9.0e-03/result.json
0.4,30000000000000.0,0.2M,205504,220,88,132,0.009,2.4563755989074707,2.4629447221755982,7208960,29946827243520,346176.0,4.639420825056732,results_p_ar/runs/p_ar_0.4/3e13/0.2M/lr_9.0e-03/result.json
0.4,100000000000000.0,0.01M,11152,5925,2370,3555,0.009,2.0712175011634826,2.0774668574333193,194150400,99998949703680,42921.6,54.35467601660639,results_p_ar/runs/p_ar_0.4/1e14/0.01M/lr_9.0e-03/result.json
0.4,100000000000000.0,0.02M,22488,3685,1474,2211,0.009,1.9676276206970216,1.9668395102024079,120750080,99967155830784,68990.4,35.16564764268696,results_p_ar/runs/p_ar_0.4/1e14/0.02M/lr_9.0e-03/result.json
0.4,100000000000000.0,0.04M,39968,2544,1018,1526,0.009,1.899875545501709,1.8992552876472473,83361792,99993985744896,99959.84905660378,27.172306921333075,results_p_ar/runs/p_ar_0.4/1e14/0.04M/lr_9.0e-03/result.json
0.4,100000000000000.0,0.1M,114192,1117,447,670,0.003,1.89364755153656,1.8915570557117463,36601856,99987587334144,227646.897045658,17.01049352902919,results_p_ar/runs/p_ar_0.4/1e14/0.1M/lr_3.0e-03/result.json
0.4,100000000000000.0,0.2M,205504,734,294,440,0.009,1.9177700221538543,1.9156164407730103,24051712,99866797670400,346014.1689373297,13.862393094226718,results_p_ar/runs/p_ar_0.4/1e14/0.2M/lr_9.0e-03/result.json
0.4,100000000000000.0,0.4M,393360,424,170,254,0.003,2.0047477900981905,2.0012790679931642,13893632,99808664616960,598647.5471698113,12.144899245351553,results_p_ar/runs/p_ar_0.4/1e14/0.4M/lr_3.0e-03/result.json
0.4,100000000000000.0,0.8M,781920,230,92,138,0.003,2.2368096113204956,2.236980414390564,7536640,99861034696704,1104172.8,8.622417343780398,results_p_ar/runs/p_ar_0.4/1e14/0.8M/lr_3.0e-03/result.json
0.4,300000000000000.0,0.01M,11152,17775,7110,10665,0.027,2.0646671772003176,2.0738890409469604,582451200,299996849111040,42921.6,162.01114954520017,results_p_ar/runs/p_ar_0.4/3e14/0.01M/lr_2.7e-02/result.json
0.4,300000000000000.0,0.02M,22488,11059,4424,6635,0.009,1.9179834306240082,1.9211029708385468,362381312,299999651954688,68988.02495704856,101.0424925442785,results_p_ar/runs/p_ar_0.4/3e14/0.02M/lr_9.0e-03/result.json
0.4,300000000000000.0,0.04M,39968,7630,3052,4578,0.009,1.8266279220581054,1.8244225144386292,250019840,299947001905152,99974.4,81.80498119071126,results_p_ar/runs/p_ar_0.4/3e14/0.04M/lr_9.0e-03/result.json
0.4,300000000000000.0,0.1M,114192,3350,1340,2010,0.003,1.7544610500335693,1.748587679862976,109772800,299921068523520,227683.2,48.53528995066881,results_p_ar/runs/p_ar_0.4/3e14/0.1M/lr_3.0e-03/result.json
0.4,300000000000000.0,0.2M,205504,2204,882,1322,0.003,1.7482107758522034,1.7422285497188568,72220672,299966052433920,346122.1052631579,36.80740444082767,results_p_ar/runs/p_ar_0.4/3e14/0.2M/lr_3.0e-03/result.json
0.4,300000000000000.0,0.4M,393360,1273,509,764,0.003,1.737453854084015,1.727581250667572,41713664,299937269022720,599198.6802827965,30.37299746181816,results_p_ar/runs/p_ar_0.4/3e14/0.4M/lr_3.0e-03/result.json
0.4,300000000000000.0,0.8M,781920,690,276,414,0.003,1.8121922612190247,1.8070215702056884,22609920,299583104090112,1104172.8,26.729765539988875,results_p_ar/runs/p_ar_0.4/3e14/0.8M/lr_3.0e-03/result.json
0.4,300000000000000.0,1.6M,1591680,380,152,228,0.003,1.9864742934703827,1.983255797624588,12451840,299303184629760,2003072.0,20.718579214066267,results_p_ar/runs/p_ar_0.4/3e14/1.6M/lr_3.0e-03/result.json
0.4,1000000000000000.0,0.1M,114192,11169,4468,6701,0.009,1.6921395242214203,1.6768302083015443,365985792,999913905192960,227675.93875906526,160.70779924560338,results_p_ar/runs/p_ar_0.4/1e15/0.1M/lr_9.0e-03/result.json
0.4,1000000000000000.0,0.2M,205504,7346,2938,4408,0.003,1.652781718969345,1.635907381772995,240713728,999998493818880,346192.1698883746,129.07148416806012,results_p_ar/runs/p_ar_0.4/1e15/0.2M/lr_3.0e-03/result.json
0.4,1000000000000000.0,0.4M,393360,4244,1698,2546,0.003,1.6322549641132356,1.6161681294441224,139067392,999737901711360,599072.7992459943,108.65000932011753,results_p_ar/runs/p_ar_0.4/1e15/0.4M/lr_3.0e-03/result.json
0.4,1000000000000000.0,0.8M,781920,2303,921,1382,0.001,1.636607789993286,1.6171818554401398,75464704,999983910223872,1104251.2340425532,92.54604463558644,results_p_ar/runs/p_ar_0.4/1e15/0.8M/lr_1.0e-03/result.json
0.4,1000000000000000.0,1.6M,1591680,1269,508,761,0.003,1.6575229167938232,1.6391494572162628,41582592,999267074310144,2002574.928289992,56.307507786899805,results_p_ar/runs/p_ar_0.4/1e15/1.6M/lr_3.0e-03/result.json
0.5,10000000000000.0,0.002M,2232,2163,1082,1081,0.027,2.5323154449462892,2.5358079791069033,70877184,9992804499456,11748.967175219603,18.03335619904101,results_p_ar/runs/p_ar_0.5/1e13/0.002M/lr_2.7e-02/result.json
0.5,10000000000000.0,0.005M,4308,1386,693,693,0.081,2.3480677247047423,2.34671311378479,45416448,9999611854848,18348.0,18.23403531499207,results_p_ar/runs/p_ar_0.5/1e13/0.005M/lr_8.1e-02/result.json
0.5,10000000000000.0,0.01M,11152,657,329,328,0.027,2.261347234249115,2.2676055908203123,21528576,9998941814784,38704.14611872146,8.258870661258698,results_p_ar/runs/p_ar_0.5/1e13/0.01M/lr_2.7e-02/result.json
0.5,10000000000000.0,0.02M,22488,407,204,203,0.027,2.2354171752929686,2.23701753616333,13336576,9977358974976,62343.3316953317,5.040607050061226,results_p_ar/runs/p_ar_0.5/1e13/0.02M/lr_2.7e-02/result.json
0.5,10000000000000.0,0.04M,39968,280,140,140,0.009,2.425330662727356,2.4290046453475953,9175040,9988315545600,90720.0,4.112213133834302,results_p_ar/runs/p_ar_0.5/1e13/0.04M/lr_9.0e-03/result.json
0.5,30000000000000.0,0.01M,11152,1969,985,984,0.027,2.1252071380615236,2.129457950592041,64520192,29982820663296,38725.37125444388,18.755061778239906,results_p_ar/runs/p_ar_0.5/3e13/0.01M/lr_2.7e-02/result.json
0.5,30000000000000.0,0.02M,22488,1222,611,611,0.027,2.062261402606964,2.065308690071106,40042496,29995353243648,62424.0,13.37734377849847,results_p_ar/runs/p_ar_0.5/3e13/0.02M/lr_2.7e-02/result.json
0.5,30000000000000.0,0.04M,39968,841,421,420,0.009,2.0419853806495665,2.0438108086585998,27557888,29982424301568,90664.97978596909,9.761160190217197,results_p_ar/runs/p_ar_0.5/3e13/0.04M/lr_9.0e-03/result.json
0.5,30000000000000.0,0.1M,114192,367,184,183,0.009,2.1772053837776184,2.1813361644744873,12025856,29891242229760,207131.7711171662,6.570886999368668,results_p_ar/runs/p_ar_0.5/3e13/0.1M/lr_9.0e-03/result.json
0.5,30000000000000.0,0.2M,205504,241,121,120,0.009,2.3448299527168275,2.349578857421875,7897088,29932860211200,315863.90041493776,4.789030220359564,results_p_ar/runs/p_ar_0.5/3e13/0.2M/lr_9.0e-03/result.json
0.5,100000000000000.0,0.01M,11152,6565,3283,3282,0.009,2.0817722916603087,2.088311159610748,215121920,99987323092992,38732.812185833965,59.301594231277704,results_p_ar/runs/p_ar_0.5/1e14/0.01M/lr_9.0e-03/result.json
0.5,100000000000000.0,0.02M,22488,4073,2037,2036,0.009,1.9668916463851929,1.971140342950821,133464064,99963418705920,62415.93911122023,41.856181528419256,results_p_ar/runs/p_ar_0.5/1e14/0.02M/lr_9.0e-03/result.json
0.5,100000000000000.0,0.04M,39968,2803,1402,1401,0.009,1.9134941816329956,1.9143132030963899,91848704,99971978231808,90703.4919728862,29.552402923814952,results_p_ar/runs/p_ar_0.5/1e14/0.04M/lr_9.0e-03/result.json
0.5,100000000000000.0,0.1M,114192,1226,613,613,0.003,1.8933749794960022,1.891532689332962,40173568,99987832700928,207408.0,18.83708782400936,results_p_ar/runs/p_ar_0.5/1e14/0.1M/lr_3.0e-03/result.json
0.5,100000000000000.0,0.2M,205504,803,402,401,0.009,1.9188737452030182,1.9138435125350952,26312704,99870950031360,316295.09339975094,14.55289681814611,results_p_ar/runs/p_ar_0.5/1e14/0.2M/lr_9.0e-03/result.json
0.5,100000000000000.0,0.4M,393360,463,232,231,0.003,2.003946316242218,2.0040987193584443,15171584,99859216465920,548499.1792656587,12.701518767513335,results_p_ar/runs/p_ar_0.5/1e14/0.4M/lr_3.0e-03/result.json
0.5,100000000000000.0,0.8M,781920,251,126,125,0.003,2.1643106818199156,2.163267982006073,8224768,99887194570752,1012056.860557769,8.643970062024891,results_p_ar/runs/p_ar_0.5/1e14/0.8M/lr_3.0e-03/result.json
0.5,300000000000000.0,0.01M,11152,19695,9848,9847,0.027,2.0393826961517334,2.046181833744049,645365760,299978427727872,38734.937395277986,187.1771083343774,results_p_ar/runs/p_ar_0.5/3e14/0.01M/lr_2.7e-02/result.json
0.5,300000000000000.0,0.02M,22488,12221,6111,6110,0.009,1.934620976448059,1.9382255315780639,400457728,299965168484352,62421.31347680223,107.39636304229498,results_p_ar/runs/p_ar_0.5/3e14/0.02M/lr_9.0e-03/result.json
0.5,300000000000000.0,0.04M,39968,8409,4205,4204,0.009,1.8582387626171113,1.8525752663612365,275546112,299952324476928,90714.4973242954,79.83037157915533,results_p_ar/runs/p_ar_0.5/3e14/0.04M/lr_9.0e-03/result.json
0.5,300000000000000.0,0.1M,114192,3678,1839,1839,0.003,1.7719082415103913,1.763769268989563,120520704,299963498102784,207408.0,53.030950890854,results_p_ar/runs/p_ar_0.5/3e14/0.1M/lr_3.0e-03/result.json
0.5,300000000000000.0,0.2M,205504,2411,1206,1205,0.003,1.759769719839096,1.7496052742004395,79003648,299978509516800,316418.41559518874,40.889342084527016,results_p_ar/runs/p_ar_0.5/3e14/0.2M/lr_3.0e-03/result.json
0.5,300000000000000.0,0.4M,393360,1389,695,694,0.003,1.7333162367343902,1.7280006468296052,45514752,299774571970560,548859.7264218862,33.6559591954574,results_p_ar/runs/p_ar_0.5/3e14/0.4M/lr_3.0e-03/result.json
0.5,300000000000000.0,0.8M,781920,752,376,376,0.003,1.811317902803421,1.8018950939178466,24641536,299795629473792,1013856.0,29.319876614026725,results_p_ar/runs/p_ar_0.5/3e14/0.8M/lr_3.0e-03/result.json
0.5,300000000000000.0,1.6M,1591680,413,207,206,0.003,1.967250370979309,1.9644701838493348,13533184,299375712534528,1843466.847457627,19.90958917979151,results_p_ar/runs/p_ar_0.5/3e14/1.6M/lr_3.0e-03/result.json
0.5,1000000000000000.0,0.1M,114192,12261,6131,6130,0.009,1.685757154226303,1.6737069070339203,401768448,999920020488192,207399.73183264007,181.41965311393142,results_p_ar/runs/p_ar_0.5/1e15/0.1M/lr_9.0e-03/result.json
0.5,1000000000000000.0,0.2M,205504,8035,4018,4017,0.003,1.6529701948165894,1.6368905782699585,263290880,999857187717120,316461.52084629744,126.00668073631823,results_p_ar/runs/p_ar_0.5/1e15/0.2M/lr_3.0e-03/result.json
0.5,1000000000000000.0,0.4M,393360,4631,2316,2315,0.003,1.6430045306682586,1.6287783324718474,151748608,999694207549440,548985.929604837,111.35590199101716,results_p_ar/runs/p_ar_0.5/1e15/0.4M/lr_3.0e-03/result.json
0.5,1000000000000000.0,0.8M,781920,2508,1254,1254,0.001,1.6431339740753175,1.6276421904563905,82182144,999850317447168,1013856.0,95.17315396945924,results_p_ar/runs/p_ar_0.5/1e15/0.8M/lr_1.0e-03/result.json
0.5,1000000000000000.0,1.6M,1591680,1378,689,689,0.003,1.6438788950443268,1.6309233486652375,45154304,999920026779648,1845376.0,46.618840204551816,results_p_ar/runs/p_ar_0.5/1e15/1.6M/lr_3.0e-03/result.json
