size,n_params,steps,clean_tokens,realized_d_over_n,block_len,p_ar,ar_weight_decay,bd_weight_decay,learning_rate,val_nelbo,val_masked_ce_t0.5,result_path
0.4M,393360,720,23592960,59.97803538743136,32,0.0,,0.1,0.003,1.9905039489269256,1.9251346230506896,/root/shakespeare-dLM/scaling/results_fixed_dn60_bl32/0.4M/p_ar_0p0/result.json
0.4M,393360,720,23592960,59.97803538743136,32,0.1,0.1,0.1,0.003,1.9857004761695862,1.9245775818824769,/root/shakespeare-dLM/scaling/results_fixed_dn60_bl32/0.4M/p_ar_0p1/ar_wd_0p1/result.json
0.4M,393360,720,23592960,59.97803538743136,32,0.1,0.2,0.1,0.003,1.9834579169750213,1.9217324435710907,/root/shakespeare-dLM/scaling/results_fixed_dn60_bl32/0.4M/p_ar_0p1/ar_wd_0p2/result.json
0.4M,393360,720,23592960,59.97803538743136,32,0.1,0.4,0.1,0.003,1.9906739711761474,1.9304412484169007,/root/shakespeare-dLM/scaling/results_fixed_dn60_bl32/0.4M/p_ar_0p1/ar_wd_0p4/result.json
0.4M,393360,720,23592960,59.97803538743136,32,0.1,0.8,0.1,0.003,1.987706685066223,1.9250012338161469,/root/shakespeare-dLM/scaling/results_fixed_dn60_bl32/0.4M/p_ar_0p1/ar_wd_0p8/result.json
0.4M,393360,720,23592960,59.97803538743136,32,0.3,0.1,0.1,0.003,2.004783535003662,1.9445558786392212,/root/shakespeare-dLM/scaling/results_fixed_dn60_bl32/0.4M/p_ar_0p3/ar_wd_0p1/result.json
0.4M,393360,720,23592960,59.97803538743136,32,0.3,0.2,0.1,0.003,1.993522161245346,1.9329958617687226,/root/shakespeare-dLM/scaling/results_fixed_dn60_bl32/0.4M/p_ar_0p3/ar_wd_0p2/result.json
0.4M,393360,720,23592960,59.97803538743136,32,0.3,0.4,0.1,0.003,1.9962905943393707,1.9348435163497926,/root/shakespeare-dLM/scaling/results_fixed_dn60_bl32/0.4M/p_ar_0p3/ar_wd_0p4/result.json
0.4M,393360,720,23592960,59.97803538743136,32,0.3,0.8,0.1,0.003,1.9987886846065521,1.9395383954048158,/root/shakespeare-dLM/scaling/results_fixed_dn60_bl32/0.4M/p_ar_0p3/ar_wd_0p8/result.json
0.4M,393360,720,23592960,59.97803538743136,32,0.5,0.1,0.1,0.003,2.0203970849514006,1.9630673229694366,/root/shakespeare-dLM/scaling/results_fixed_dn60_bl32/0.4M/p_ar_0p5/ar_wd_0p1/result.json
0.4M,393360,720,23592960,59.97803538743136,32,0.5,0.2,0.1,0.003,2.0129204869270323,1.9538558840751648,/root/shakespeare-dLM/scaling/results_fixed_dn60_bl32/0.4M/p_ar_0p5/ar_wd_0p2/result.json
0.4M,393360,720,23592960,59.97803538743136,32,0.5,0.4,0.1,0.003,2.0159928143024444,1.9562304615974426,/root/shakespeare-dLM/scaling/results_fixed_dn60_bl32/0.4M/p_ar_0p5/ar_wd_0p4/result.json
0.4M,393360,720,23592960,59.97803538743136,32,0.5,0.8,0.1,0.003,2.0295003414154054,1.9706004321575166,/root/shakespeare-dLM/scaling/results_fixed_dn60_bl32/0.4M/p_ar_0p5/ar_wd_0p8/result.json
0.4M,393360,720,23592960,59.97803538743136,32,0.7,0.1,0.1,0.003,2.1009594440460204,2.047671139240265,/root/shakespeare-dLM/scaling/results_fixed_dn60_bl32/0.4M/p_ar_0p7/ar_wd_0p1/result.json
0.4M,393360,720,23592960,59.97803538743136,32,0.7,0.2,0.1,0.003,2.112567436695099,2.0562493324279787,/root/shakespeare-dLM/scaling/results_fixed_dn60_bl32/0.4M/p_ar_0p7/ar_wd_0p2/result.json
0.4M,393360,720,23592960,59.97803538743136,32,0.7,0.4,0.1,0.003,2.1037763118743897,2.0481879711151123,/root/shakespeare-dLM/scaling/results_fixed_dn60_bl32/0.4M/p_ar_0p7/ar_wd_0p4/result.json
0.4M,393360,720,23592960,59.97803538743136,32,0.7,0.8,0.1,0.003,2.116720175743103,2.0593512773513796,/root/shakespeare-dLM/scaling/results_fixed_dn60_bl32/0.4M/p_ar_0p7/ar_wd_0p8/result.json
0.8M,781920,1432,46923776,60.0109678739513,32,0.0,,0.1,0.001,1.8114774465560912,1.72875314950943,/root/shakespeare-dLM/scaling/results_fixed_dn60_bl32/0.8M/p_ar_0p0/result.json
0.8M,781920,1432,46923776,60.0109678739513,32,0.1,0.1,0.1,0.001,1.8304343163967132,1.7564818143844605,/root/shakespeare-dLM/scaling/results_fixed_dn60_bl32/0.8M/p_ar_0p1/ar_wd_0p1/result.json
0.8M,781920,1432,46923776,60.0109678739513,32,0.1,0.2,0.1,0.001,1.8285870373249054,1.7538593411445618,/root/shakespeare-dLM/scaling/results_fixed_dn60_bl32/0.8M/p_ar_0p1/ar_wd_0p2/result.json
0.8M,781920,1432,46923776,60.0109678739513,32,0.1,0.4,0.1,0.001,1.8319706976413728,1.7571548044681549,/root/shakespeare-dLM/scaling/results_fixed_dn60_bl32/0.8M/p_ar_0p1/ar_wd_0p4/result.json
0.8M,781920,1432,46923776,60.0109678739513,32,0.1,0.8,0.1,0.001,1.830333811044693,1.7573676347732543,/root/shakespeare-dLM/scaling/results_fixed_dn60_bl32/0.8M/p_ar_0p1/ar_wd_0p8/result.json
0.8M,781920,1432,46923776,60.0109678739513,32,0.3,0.1,0.1,0.001,1.843925231695175,1.7717684745788573,/root/shakespeare-dLM/scaling/results_fixed_dn60_bl32/0.8M/p_ar_0p3/ar_wd_0p1/result.json
0.8M,781920,1432,46923776,60.0109678739513,32,0.3,0.2,0.1,0.001,1.8346760392189025,1.7643813848495484,/root/shakespeare-dLM/scaling/results_fixed_dn60_bl32/0.8M/p_ar_0p3/ar_wd_0p2/result.json
0.8M,781920,1432,46923776,60.0109678739513,32,0.3,0.4,0.1,0.001,1.8432353913784028,1.7742790520191192,/root/shakespeare-dLM/scaling/results_fixed_dn60_bl32/0.8M/p_ar_0p3/ar_wd_0p4/result.json
0.8M,781920,1432,46923776,60.0109678739513,32,0.3,0.8,0.1,0.001,1.8396773934364319,1.771176266670227,/root/shakespeare-dLM/scaling/results_fixed_dn60_bl32/0.8M/p_ar_0p3/ar_wd_0p8/result.json
0.8M,781920,1432,46923776,60.0109678739513,32,0.5,0.1,0.1,0.001,1.8791550993919373,1.814249449968338,/root/shakespeare-dLM/scaling/results_fixed_dn60_bl32/0.8M/p_ar_0p5/ar_wd_0p1/result.json
0.8M,781920,1432,46923776,60.0109678739513,32,0.5,0.2,0.1,0.001,1.8799257099628448,1.8145304918289185,/root/shakespeare-dLM/scaling/results_fixed_dn60_bl32/0.8M/p_ar_0p5/ar_wd_0p2/result.json
0.8M,781920,1432,46923776,60.0109678739513,32,0.5,0.4,0.1,0.001,1.8692054331302643,1.8036737978458404,/root/shakespeare-dLM/scaling/results_fixed_dn60_bl32/0.8M/p_ar_0p5/ar_wd_0p4/result.json
0.8M,781920,1432,46923776,60.0109678739513,32,0.5,0.8,0.1,0.001,1.868536901473999,1.8030274271965028,/root/shakespeare-dLM/scaling/results_fixed_dn60_bl32/0.8M/p_ar_0p5/ar_wd_0p8/result.json
0.8M,781920,1432,46923776,60.0109678739513,32,0.7,0.1,0.1,0.001,1.9577759861946107,1.8942565619945526,/root/shakespeare-dLM/scaling/results_fixed_dn60_bl32/0.8M/p_ar_0p7/ar_wd_0p1/result.json
0.8M,781920,1432,46923776,60.0109678739513,32,0.7,0.2,0.1,0.001,1.9578042566776275,1.8974507331848145,/root/shakespeare-dLM/scaling/results_fixed_dn60_bl32/0.8M/p_ar_0p7/ar_wd_0p2/result.json
0.8M,781920,1432,46923776,60.0109678739513,32,0.7,0.4,0.1,0.001,1.9511474609375,1.8926526188850403,/root/shakespeare-dLM/scaling/results_fixed_dn60_bl32/0.8M/p_ar_0p7/ar_wd_0p4/result.json
0.8M,781920,1432,46923776,60.0109678739513,32,0.7,0.8,0.1,0.001,1.9492067396640778,1.8862531721591949,/root/shakespeare-dLM/scaling/results_fixed_dn60_bl32/0.8M/p_ar_0p7/ar_wd_0p8/result.json
